_id,customerName,phone
61b848121d9cd1a455d21447,geroge,911111111
61c5d3090bb8dd356b4c97b1,Thomas,911111112
61c5d3380bb8dd356b4c97b3,Jupyter,911111113
61c5d35e0bb8dd356b4c97b4,Tom,911111114
61c5d3850bb8dd356b4c97b6,William,911111115
61c5d3f10bb8dd356b4c97b8,Adam,911111116
61c5d40a0bb8dd356b4c97b9,Hailey,911111117
61c60dda62b013e5ab61df3b,matt,0903033013
61c747e13eeabd1771146492,morgan,1231515124
61c748103eeabd1771146493,botan,5424646325
61c748353eeabd1771146494,lamy,5412663152
61c7484e3eeabd1771146495,nene,4121523652
61c7485f3eeabd1771146496,laplus,451356952453
61c7487c3eeabd1771146497,rushia,66652542
61c8322ed31a6749c0abf789,wLnzAjw,5149871001
61c8322ed31a6749c0abf78f,gQiaETN,4324591465
61c8322ed31a6749c0abf793,vWPBpFU,1875874877
61c8322fd31a6749c0abf799,DkLvwOY,3517390398
61c8322fd31a6749c0abf7a2,sHaPIzQ,9356474872
61c8322fd31a6749c0abf7a6,UbLVGyU,6571025792
61c83230d31a6749c0abf7ac,GXVKmDu,6686777563
61c83230d31a6749c0abf7b2,IKMkYNT,0650457858
61c83230d31a6749c0abf7b6,zwFbmFL,2100303278
61c83230d31a6749c0abf7bf,yKiSDZP,2907424273
61c83231d31a6749c0abf7c5,RvYxdik,1695843866
61c83231d31a6749c0abf7c9,BbzYAUg,8316329257
61c83231d31a6749c0abf7cf,QJjiJBH,0350929419
61c83231d31a6749c0abf7d3,WItknBJ,1322860273
61c83232d31a6749c0abf7dc,JgtDbIt,6156126989
61c83232d31a6749c0abf7e0,BhHckOL,8798837555
61c83232d31a6749c0abf7e6,Bbdctut,3906642504
61c83232d31a6749c0abf7ea,KQDSsSr,0100174981
61c83233d31a6749c0abf7f0,FFSVoGz,7793541068
61c83233d31a6749c0abf7f9,NxDCQnR,8412001058
61c83233d31a6749c0abf7ff,HPgFBrS,3783414512
61c83234d31a6749c0abf805,PfQXkiy,3549814863
61c8339bd31a6749c0abf80e,VWaVpcO,3742597774
61c8339bd31a6749c0abf812,pwbbpOd,8274198465
61c8339cd31a6749c0abf818,tNYPHbM,3542160201
61c8339cd31a6749c0abf81c,cJuDZly,1817164309
61c8339cd31a6749c0abf822,DFljMaA,1455836870
61c8339cd31a6749c0abf826,CPmocSn,6411498045
61c8339dd31a6749c0abf82f,ToZyuMY,2889994155
61c8339dd31a6749c0abf835,DkySTCQ,5341600439
61c8339dd31a6749c0abf839,WCvczJR,7026614492
61c8339ed31a6749c0abf83f,vkOXhOv,2653936588
61c8339ed31a6749c0abf843,JjIzQCU,8979656311
61c8339ed31a6749c0abf84c,arIBGjN,7323471026
61c8339ed31a6749c0abf850,TWyJoFG,2720487280
61c8339fd31a6749c0abf856,HftwZzn,0592874491
61c8339fd31a6749c0abf85c,XWtvJNM,1822639888
61c8339fd31a6749c0abf860,IrNdjjF,9801627897
61c833a0d31a6749c0abf869,cNHqfpp,8720694806
61c833a0d31a6749c0abf86d,zOqdXNo,8585039351
61c833a0d31a6749c0abf873,bwbAGWS,3079103064
61c833a0d31a6749c0abf877,QvSjJyJ,3465895492
61c833a1d31a6749c0abf87d,RAeaJRY,1785695939
61c833a1d31a6749c0abf886,VLoIHLR,8677933733
61c833a1d31a6749c0abf88a,yxHTuMl,3181927808
61c833a1d31a6749c0abf890,FFzWjYl,7842754960
61c833a2d31a6749c0abf894,VkXcEAl,9627334251
61c833a2d31a6749c0abf89a,fRddwRa,7017058653
61c833a2d31a6749c0abf89e,WnsFlmE,4764793951
61c833a3d31a6749c0abf8a7,DBZXJdy,0393655166
61c833a3d31a6749c0abf8ad,whMWQPO,9806842133
61c833a3d31a6749c0abf8b1,vyELOZF,3948231084
61c833a3d31a6749c0abf8b7,dUqjJUE,9810500654
61c833a3d31a6749c0abf8bb,MTnpfHr,2592957267
61c833a4d31a6749c0abf8c4,VrBxeae,0049502165
61c833a4d31a6749c0abf8ca,ZTLHKQD,3104170034
61c833a4d31a6749c0abf8d0,AHFtTFz,0982232587
61c833a5d31a6749c0abf8d4,aqZWvUM,9329253092
61c833a5d31a6749c0abf8dd,HbwLVKm,3689665104
61c833a5d31a6749c0abf8e1,YcpnJvi,5328506228
61c833a6d31a6749c0abf8e7,axszLzS,3689301269
61c833a6d31a6749c0abf8eb,ARCgwUf,8214152460
61c833a6d31a6749c0abf8f1,GNnvcAx,0412133031
61c833a7d31a6749c0abf8fa,hshkqEU,8547630565
61c833a7d31a6749c0abf8fe,LCllQtE,6916279593
61c833a7d31a6749c0abf904,lusHiEe,8860702138
61c833a7d31a6749c0abf90a,wxfmRKW,9320044097
61c833a7d31a6749c0abf90e,eDyQxPA,5793591679
61c833a8d31a6749c0abf917,xEbfAiy,8098967349
61c833a8d31a6749c0abf91d,qhIIJSZ,7050355750
61c833a8d31a6749c0abf921,RLcpiIc,6763862628
61c833a9d31a6749c0abf927,EQBMYXw,5894978732
61c833a9d31a6749c0abf92b,LwQJPRy,4048990985
61c833ecd31a6749c0abf934,nfkOPTD,5133529294
61c833edd31a6749c0abf938,QqvfIQM,0825101960
61c833edd31a6749c0abf93e,yszRXMH,7866219683
61c833edd31a6749c0abf942,JweaFFu,1155346746
61c833edd31a6749c0abf948,pOjsLWp,2651563971
61c833eed31a6749c0abf951,fVMwaId,7712117333
61c833eed31a6749c0abf957,FNFXdTL,9346443781
61c833eed31a6749c0abf95b,aLfOxJL,7703313703
61c833eed31a6749c0abf961,OYDeBHc,0234058554
61c833efd31a6749c0abf96a,ZJtfZtY,1278102916
61c833efd31a6749c0abf970,SgwKHcz,2151327262
61c833efd31a6749c0abf976,SFigBvQ,0261124716
61c833f0d31a6749c0abf97a,dKcQrDD,2068729816
61c833f0d31a6749c0abf983,LGbedeI,2773417096
61c833f0d31a6749c0abf989,uZeKNoC,2728170468
61c833f0d31a6749c0abf98d,nmtWhCT,7389914268
61c833f1d31a6749c0abf993,JviSfJv,0000433524
61c833f1d31a6749c0abf99c,eQElslG,1690831312
61c833f1d31a6749c0abf9a0,KueAOzk,8407630923
61c833f2d31a6749c0abf9a6,mGmpyrt,6964142028
61c833f2d31a6749c0abf9aa,lxGOwEa,6086461916
61c833f2d31a6749c0abf9b0,VqxxAzu,9402653459
61c833f2d31a6749c0abf9b4,mBLtsji,3898869534