_id,mealID,restaurantID
61bab5842bb7d83f53487083,61b8488d1d9cd1a455d2144c,61b84a4e1d9cd1a455d21454
61c5c9200bb8dd356b4c9782,61c58b4d0bb8dd356b4c9732,61c57ef30bb8dd356b4c96fd
61c5c9780bb8dd356b4c9783,61c5abcd0bb8dd356b4c9733,61c57ef30bb8dd356b4c96fd
61c5c9870bb8dd356b4c9784,61c5adfd0bb8dd356b4c9735,61c57ef30bb8dd356b4c96fd
61c5c99c0bb8dd356b4c9786,61c5ae390bb8dd356b4c9736,61c57ef30bb8dd356b4c96fd
61c5c9aa0bb8dd356b4c9787,61c5af120bb8dd356b4c9738,61c57ef30bb8dd356b4c96fd
61c5c9ba0bb8dd356b4c9788,61c5af730bb8dd356b4c9739,61c57ef30bb8dd356b4c96fd
61c5c9ca0bb8dd356b4c9789,61c5b7790bb8dd356b4c9741,61c57ff30bb8dd356b4c96ff
61c5c9e80bb8dd356b4c978a,61c5b7b10bb8dd356b4c9743,61c57ff30bb8dd356b4c96ff
61c5c9f50bb8dd356b4c978b,61c5b7e10bb8dd356b4c9744,61c57ff30bb8dd356b4c96ff
61c5ca040bb8dd356b4c978c,61c5b8330bb8dd356b4c9745,61c57ff30bb8dd356b4c96ff
61c5ca140bb8dd356b4c978d,61c5b85a0bb8dd356b4c9746,61c57ff30bb8dd356b4c96ff
61c5ca650bb8dd356b4c978e,61c5b85a0bb8dd356b4c9747,61c57ff30bb8dd356b4c96ff
61c5ca940bb8dd356b4c9791,61c5b9030bb8dd356b4c9749,61c580ad0bb8dd356b4c9700
61c5caaa0bb8dd356b4c9792,61c5b9670bb8dd356b4c974a,61c580ad0bb8dd356b4c9700
61c5cab90bb8dd356b4c9793,61c5b9930bb8dd356b4c974b,61c580ad0bb8dd356b4c9700
61c5cac00bb8dd356b4c9794,61c5ba040bb8dd356b4c974c,61c580ad0bb8dd356b4c9700
61c5cacd0bb8dd356b4c9795,61c5bade0bb8dd356b4c974e,61c580ad0bb8dd356b4c9700
61c5cad40bb8dd356b4c9796,61c5bafd0bb8dd356b4c974f,61c580ad0bb8dd356b4c9700
61c5cae50bb8dd356b4c9797,61c5bb350bb8dd356b4c9750,61c581490bb8dd356b4c9701
61c5cb030bb8dd356b4c9798,61c5bb980bb8dd356b4c9751,61c581490bb8dd356b4c9701
61c5cb090bb8dd356b4c9799,61c5bbbb0bb8dd356b4c9752,61c581490bb8dd356b4c9701
61c5cb0f0bb8dd356b4c979a,61c5bc1d0bb8dd356b4c9753,61c581490bb8dd356b4c9701
61c5cb150bb8dd356b4c979b,61c5bcb00bb8dd356b4c9755,61c581490bb8dd356b4c9701
61c5cc330bb8dd356b4c979d,61c5bcce0bb8dd356b4c9756,61c581490bb8dd356b4c9701
61c5cc7b0bb8dd356b4c979e,61c5c0f30bb8dd356b4c9772,61c582630bb8dd356b4c9702
61c5cc940bb8dd356b4c979f,61c5c16d0bb8dd356b4c9773,61c582630bb8dd356b4c9702
61c5cc9e0bb8dd356b4c97a0,61c5c1ad0bb8dd356b4c9774,61c582630bb8dd356b4c9702
61c5cca90bb8dd356b4c97a1,61c5c1df0bb8dd356b4c9775,61c582630bb8dd356b4c9702
61c5ccb40bb8dd356b4c97a2,61c5c2140bb8dd356b4c9776,61c582630bb8dd356b4c9702
61c5ccc10bb8dd356b4c97a3,61c5c23f0bb8dd356b4c9777,61c582630bb8dd356b4c9702
61c743c83eeabd177114645f,61c6c9933eeabd17711463dd,61c6bafc3eeabd17711463b5
61c743eb3eeabd1771146460,61c6cadd3eeabd17711463de,61c6bafc3eeabd17711463b5
61c743fe3eeabd1771146461,61c6cb843eeabd17711463df,61c6bafc3eeabd17711463b5
61c744113eeabd1771146462,61c6cbe53eeabd17711463e0,61c6bafc3eeabd17711463b5
61c7442b3eeabd1771146463,61c6cc893eeabd17711463e1,61c6bafc3eeabd17711463b5
61c744413eeabd1771146464,61c6cd593eeabd17711463e2,61c6bafc3eeabd17711463b5
61c744513eeabd1771146465,61c6ce0c3eeabd17711463e3,61c6be833eeabd17711463b6
61c744733eeabd1771146466,61c6dbcd3eeabd1771146423,61c6be833eeabd17711463b6
61c744883eeabd1771146467,61c6dc273eeabd1771146424,61c6be833eeabd17711463b6
61c744a93eeabd1771146468,61c6dc7a3eeabd1771146425,61c6be833eeabd17711463b6
61c744bd3eeabd1771146469,61c6dcba3eeabd1771146426,61c6be833eeabd17711463b6
61c744cf3eeabd177114646a,61c6dce43eeabd1771146427,61c6be833eeabd17711463b6
61c744e03eeabd177114646b,61c6dd5b3eeabd1771146428,61c6bfb23eeabd17711463b7
61c745013eeabd177114646c,61c6dd9f3eeabd1771146429,61c6bfb23eeabd17711463b7
61c745113eeabd177114646d,61c6ddc53eeabd177114642a,61c6bfb23eeabd17711463b7
61c7452a3eeabd177114646e,61c6de1a3eeabd177114642b,61c6bfb23eeabd17711463b7
61c7453b3eeabd177114646f,61c6de443eeabd177114642c,61c6bfb23eeabd17711463b7
61c7454f3eeabd1771146470,61c6de6b3eeabd177114642d,61c6bfb23eeabd17711463b7
61c745633eeabd1771146471,61c6def23eeabd177114642e,61c6c0833eeabd17711463b8
61c745863eeabd1771146472,61c6df113eeabd177114642f,61c6c0833eeabd17711463b8
61c745983eeabd1771146473,61c6df4f3eeabd1771146430,61c6c0833eeabd17711463b8
61c745ac3eeabd1771146474,61c6df7b3eeabd1771146431,61c6c0833eeabd17711463b8
61c745be3eeabd1771146475,61c6dfef3eeabd1771146432,61c6c0833eeabd17711463b8
61c745d63eeabd1771146476,61c6e0103eeabd1771146433,61c6c0833eeabd17711463b8
61c745f73eeabd1771146477,61c6e0953eeabd1771146434,61c6c0d93eeabd17711463b9
61c746043eeabd1771146478,61c6e0ba3eeabd1771146435,61c6c0d93eeabd17711463b9
61c746163eeabd1771146479,61c6e1143eeabd1771146436,61c6c0d93eeabd17711463b9
61c746293eeabd177114647a,61c6e1413eeabd1771146437,61c6c0d93eeabd17711463b9
61c746383eeabd177114647b,61c6e1633eeabd1771146438,61c6c0d93eeabd17711463b9
61c7464a3eeabd177114647c,61c6e19b3eeabd1771146439,61c6c0d93eeabd17711463b9
61c746743eeabd177114647e,61c6e20c3eeabd177114643a,61c6c1873eeabd17711463ba
61c746823eeabd177114647f,61c6e2303eeabd177114643b,61c6c1873eeabd17711463ba
61c746903eeabd1771146480,61c6e2433eeabd177114643c,61c6c1873eeabd17711463ba
61c746a03eeabd1771146481,61c6e2603eeabd177114643d,61c6c1873eeabd17711463ba
61c746af3eeabd1771146482,61c6e2ab3eeabd177114643e,61c6c1873eeabd17711463ba
61c746c23eeabd1771146483,61c6e2d13eeabd177114643f,61c6c1873eeabd17711463ba
61c746e33eeabd1771146484,61c6e3a83eeabd1771146440,61c6c4123eeabd17711463bb
61c746f43eeabd1771146485,61c6e3c23eeabd1771146441,61c6c4123eeabd17711463bb
61c747013eeabd1771146486,61c6e4003eeabd1771146442,61c6c4123eeabd17711463bb
61c747143eeabd1771146487,61c6e41a3eeabd1771146443,61c6c4123eeabd17711463bb
61c747263eeabd1771146488,61c6e4353eeabd1771146444,61c6c4123eeabd17711463bb
61c7473f3eeabd1771146489,61c6e46f3eeabd1771146445,61c6c4123eeabd17711463bb
61c747523eeabd177114648a,61c6e4c33eeabd1771146446,61c6c45a3eeabd17711463bc
61c747703eeabd177114648b,61c6e4e23eeabd1771146447,61c6c45a3eeabd17711463bc
61c747863eeabd177114648c,61c6e5033eeabd1771146448,61c6c45a3eeabd17711463bc
61c747973eeabd177114648d,61c6e5263eeabd1771146449,61c6c45a3eeabd17711463bc
61c747a23eeabd177114648e,61c6e53e3eeabd177114644a,61c6c45a3eeabd17711463bc
61c747af3eeabd177114648f,61c6e5573eeabd177114644b,61c6c45a3eeabd17711463bc
61c815ad70be1123743145dd,61c7f7f870be1123743145ca,61c585580bb8dd356b4c9705
61c815bb70be1123743145de,61c7f84b70be1123743145cb,61c585580bb8dd356b4c9705
61c815cc70be1123743145df,61c7f87470be1123743145cc,61c585580bb8dd356b4c9705
61c815de70be1123743145e0,61c7f89570be1123743145cd,61c585580bb8dd356b4c9705
61c815ed70be1123743145e1,61c7f8b270be1123743145ce,61c585580bb8dd356b4c9705
61c815fc70be1123743145e2,61c7f8e270be1123743145cf,61c585580bb8dd356b4c9705
61c8161270be1123743145e3,61c7f99670be1123743145d0,61c584d50bb8dd356b4c9704
61c8163470be1123743145e4,61c8140d70be1123743145d1,61c584d50bb8dd356b4c9704
61c8165770be1123743145e5,61c8142770be1123743145d2,61c584d50bb8dd356b4c9704
61c8166470be1123743145e6,61c8146370be1123743145d3,61c584d50bb8dd356b4c9704
61c8167770be1123743145e7,61c8147970be1123743145d4,61c584d50bb8dd356b4c9704
61c8169370be1123743145e8,61c814b670be1123743145d6,61c584d50bb8dd356b4c9704
61c8322ed31a6749c0abf788,61c8322ed31a6749c0abf787,61c8322ed31a6749c0abf784
61c8322ed31a6749c0abf78e,61c8322ed31a6749c0abf78d,61c8322ed31a6749c0abf784
61c8322fd31a6749c0abf798,61c8322fd31a6749c0abf797,61c8322ed31a6749c0abf784
61c8322fd31a6749c0abf7a1,61c8322fd31a6749c0abf7a0,61c8322fd31a6749c0abf79d
61c8322fd31a6749c0abf7ab,61c8322fd31a6749c0abf7aa,61c8322fd31a6749c0abf79d
61c83230d31a6749c0abf7b1,61c83230d31a6749c0abf7b0,61c8322fd31a6749c0abf79d
61c83230d31a6749c0abf7be,61c83230d31a6749c0abf7bd,61c83230d31a6749c0abf7ba
61c83231d31a6749c0abf7c4,61c83231d31a6749c0abf7c3,61c83230d31a6749c0abf7ba
61c83231d31a6749c0abf7ce,61c83231d31a6749c0abf7cd,61c83230d31a6749c0abf7ba
61c83232d31a6749c0abf7db,61c83232d31a6749c0abf7da,61c83231d31a6749c0abf7d7
61c83232d31a6749c0abf7e5,61c83232d31a6749c0abf7e4,61c83231d31a6749c0abf7d7
61c83233d31a6749c0abf7ef,61c83233d31a6749c0abf7ee,61c83231d31a6749c0abf7d7
61c83233d31a6749c0abf7f8,61c83233d31a6749c0abf7f7,61c83233d31a6749c0abf7f4
61c83233d31a6749c0abf7fe,61c83233d31a6749c0abf7fd,61c83233d31a6749c0abf7f4
61c83234d31a6749c0abf804,61c83234d31a6749c0abf803,61c83233d31a6749c0abf7f4
61c8339bd31a6749c0abf80d,61c8339bd31a6749c0abf80c,61c8339bd31a6749c0abf809
61c8339cd31a6749c0abf817,61c8339cd31a6749c0abf816,61c8339bd31a6749c0abf809
61c8339cd31a6749c0abf821,61c8339cd31a6749c0abf820,61c8339bd31a6749c0abf809
61c8339dd31a6749c0abf82e,61c8339dd31a6749c0abf82d,61c8339dd31a6749c0abf82a
61c8339dd31a6749c0abf834,61c8339dd31a6749c0abf833,61c8339dd31a6749c0abf82a
61c8339dd31a6749c0abf83e,61c8339dd31a6749c0abf83d,61c8339dd31a6749c0abf82a
61c8339ed31a6749c0abf84b,61c8339ed31a6749c0abf84a,61c8339ed31a6749c0abf847
61c8339fd31a6749c0abf855,61c8339fd31a6749c0abf854,61c8339ed31a6749c0abf847
61c8339fd31a6749c0abf85b,61c8339fd31a6749c0abf85a,61c8339ed31a6749c0abf847
61c833a0d31a6749c0abf868,61c8339fd31a6749c0abf867,61c8339fd31a6749c0abf864
61c833a0d31a6749c0abf872,61c833a0d31a6749c0abf871,61c8339fd31a6749c0abf864
61c833a0d31a6749c0abf87c,61c833a0d31a6749c0abf87b,61c8339fd31a6749c0abf864
61c833a1d31a6749c0abf885,61c833a1d31a6749c0abf884,61c833a1d31a6749c0abf881
61c833a1d31a6749c0abf88f,61c833a1d31a6749c0abf88e,61c833a1d31a6749c0abf881
61c833a2d31a6749c0abf899,61c833a2d31a6749c0abf898,61c833a1d31a6749c0abf881
61c833a2d31a6749c0abf8a6,61c833a2d31a6749c0abf8a5,61c833a2d31a6749c0abf8a2
61c833a3d31a6749c0abf8ac,61c833a3d31a6749c0abf8ab,61c833a2d31a6749c0abf8a2
61c833a3d31a6749c0abf8b6,61c833a3d31a6749c0abf8b5,61c833a2d31a6749c0abf8a2
61c833a4d31a6749c0abf8c3,61c833a4d31a6749c0abf8c2,61c833a4d31a6749c0abf8bf
61c833a4d31a6749c0abf8c9,61c833a4d31a6749c0abf8c8,61c833a4d31a6749c0abf8bf
61c833a4d31a6749c0abf8cf,61c833a4d31a6749c0abf8ce,61c833a4d31a6749c0abf8bf
61c833a5d31a6749c0abf8dc,61c833a5d31a6749c0abf8db,61c833a5d31a6749c0abf8d8
61c833a6d31a6749c0abf8e6,61c833a6d31a6749c0abf8e5,61c833a5d31a6749c0abf8d8
61c833a6d31a6749c0abf8f0,61c833a6d31a6749c0abf8ef,61c833a5d31a6749c0abf8d8
61c833a6d31a6749c0abf8f9,61c833a6d31a6749c0abf8f8,61c833a6d31a6749c0abf8f5
61c833a7d31a6749c0abf903,61c833a7d31a6749c0abf902,61c833a6d31a6749c0abf8f5
61c833a7d31a6749c0abf909,61c833a7d31a6749c0abf908,61c833a6d31a6749c0abf8f5
61c833a8d31a6749c0abf916,61c833a8d31a6749c0abf915,61c833a8d31a6749c0abf912
61c833a8d31a6749c0abf91c,61c833a8d31a6749c0abf91b,61c833a8d31a6749c0abf912
61c833a9d31a6749c0abf926,61c833a9d31a6749c0abf925,61c833a8d31a6749c0abf912
61c833ecd31a6749c0abf933,61c833ecd31a6749c0abf932,61c833ecd31a6749c0abf92f
61c833edd31a6749c0abf93d,61c833edd31a6749c0abf93c,61c833ecd31a6749c0abf92f
61c833edd31a6749c0abf947,61c833edd31a6749c0abf946,61c833ecd31a6749c0abf92f
61c833eed31a6749c0abf950,61c833eed31a6749c0abf94f,61c833edd31a6749c0abf94c
61c833eed31a6749c0abf956,61c833eed31a6749c0abf955,61c833edd31a6749c0abf94c
61c833eed31a6749c0abf960,61c833eed31a6749c0abf95f,61c833edd31a6749c0abf94c
61c833efd31a6749c0abf969,61c833efd31a6749c0abf968,61c833efd31a6749c0abf965
61c833efd31a6749c0abf96f,61c833efd31a6749c0abf96e,61c833efd31a6749c0abf965
61c833efd31a6749c0abf975,61c833efd31a6749c0abf974,61c833efd31a6749c0abf965
61c833f0d31a6749c0abf982,61c833f0d31a6749c0abf981,61c833f0d31a6749c0abf97e
61c833f0d31a6749c0abf988,61c833f0d31a6749c0abf987,61c833f0d31a6749c0abf97e
61c833f1d31a6749c0abf992,61c833f1d31a6749c0abf991,61c833f0d31a6749c0abf97e
61c833f1d31a6749c0abf99b,61c833f1d31a6749c0abf99a,61c833f1d31a6749c0abf997
61c833f1d31a6749c0abf9a5,61c833f1d31a6749c0abf9a4,61c833f1d31a6749c0abf997
61c833f2d31a6749c0abf9af,61c833f2d31a6749c0abf9ae,61c833f1d31a6749c0abf997
61c8342bd31a6749c0abf9bc,61c8342bd31a6749c0abf9bb,61c8342bd31a6749c0abf9b8
61c8342bd31a6749c0abf9be,61c8342bd31a6749c0abf9bd,61c8342bd31a6749c0abf9b8
61c8342bd31a6749c0abf9c0,61c8342bd31a6749c0abf9bf,61c8342bd31a6749c0abf9b8
61c8342bd31a6749c0abf9c2,61c8342bd31a6749c0abf9c1,61c8342bd31a6749c0abf9b8
61c8342bd31a6749c0abf9c7,61c8342bd31a6749c0abf9c6,61c8342bd31a6749c0abf9c3
61c8342bd31a6749c0abf9c9,61c8342bd31a6749c0abf9c8,61c8342bd31a6749c0abf9c3
61c8342bd31a6749c0abf9cb,61c8342bd31a6749c0abf9ca,61c8342bd31a6749c0abf9c3
61c8342cd31a6749c0abf9cd,61c8342cd31a6749c0abf9cc,61c8342bd31a6749c0abf9c3
61c8342cd31a6749c0abf9d2,61c8342cd31a6749c0abf9d1,61c8342cd31a6749c0abf9ce
61c8342cd31a6749c0abf9d4,61c8342cd31a6749c0abf9d3,61c8342cd31a6749c0abf9ce
61c8342cd31a6749c0abf9d6,61c8342cd31a6749c0abf9d5,61c8342cd31a6749c0abf9ce
61c8342cd31a6749c0abf9d8,61c8342cd31a6749c0abf9d7,61c8342cd31a6749c0abf9ce
61c8342cd31a6749c0abf9dd,61c8342cd31a6749c0abf9dc,61c8342cd31a6749c0abf9d9
61c8342cd31a6749c0abf9df,61c8342cd31a6749c0abf9de,61c8342cd31a6749c0abf9d9
61c8342cd31a6749c0abf9e1,61c8342cd31a6749c0abf9e0,61c8342cd31a6749c0abf9d9
61c8342dd31a6749c0abf9e3,61c8342dd31a6749c0abf9e2,61c8342cd31a6749c0abf9d9
61c8342dd31a6749c0abf9e8,61c8342dd31a6749c0abf9e7,61c8342dd31a6749c0abf9e4
61c8342dd31a6749c0abf9ea,61c8342dd31a6749c0abf9e9,61c8342dd31a6749c0abf9e4
61c8342dd31a6749c0abf9ec,61c8342dd31a6749c0abf9eb,61c8342dd31a6749c0abf9e4
61c8342dd31a6749c0abf9ee,61c8342dd31a6749c0abf9ed,61c8342dd31a6749c0abf9e4
61c8342dd31a6749c0abf9f3,61c8342dd31a6749c0abf9f2,61c8342dd31a6749c0abf9ef
61c8342dd31a6749c0abf9f5,61c8342dd31a6749c0abf9f4,61c8342dd31a6749c0abf9ef
61c8342ed31a6749c0abf9f7,61c8342dd31a6749c0abf9f6,61c8342dd31a6749c0abf9ef
61c8342ed31a6749c0abf9f9,61c8342ed31a6749c0abf9f8,61c8342dd31a6749c0abf9ef
61c8342ed31a6749c0abf9fe,61c8342ed31a6749c0abf9fd,61c8342ed31a6749c0abf9fa
61c8342ed31a6749c0abfa00,61c8342ed31a6749c0abf9ff,61c8342ed31a6749c0abf9fa
61c8342ed31a6749c0abfa02,61c8342ed31a6749c0abfa01,61c8342ed31a6749c0abf9fa
61c8342ed31a6749c0abfa04,61c8342ed31a6749c0abfa03,61c8342ed31a6749c0abf9fa
61c8342ed31a6749c0abfa09,61c8342ed31a6749c0abfa08,61c8342ed31a6749c0abfa05
61c8342fd31a6749c0abfa0b,61c8342ed31a6749c0abfa0a,61c8342ed31a6749c0abfa05
61c8342fd31a6749c0abfa0d,61c8342fd31a6749c0abfa0c,61c8342ed31a6749c0abfa05
61c8342fd31a6749c0abfa0f,61c8342fd31a6749c0abfa0e,61c8342ed31a6749c0abfa05
61c8342fd31a6749c0abfa14,61c8342fd31a6749c0abfa13,61c8342fd31a6749c0abfa10
61c8342fd31a6749c0abfa16,61c8342fd31a6749c0abfa15,61c8342fd31a6749c0abfa10
61c8342fd31a6749c0abfa18,61c8342fd31a6749c0abfa17,61c8342fd31a6749c0abfa10
61c8342fd31a6749c0abfa1a,61c8342fd31a6749c0abfa19,61c8342fd31a6749c0abfa10
61c83430d31a6749c0abfa1f,61c83430d31a6749c0abfa1e,61c8342fd31a6749c0abfa1b
61c83430d31a6749c0abfa21,61c83430d31a6749c0abfa20,61c8342fd31a6749c0abfa1b
61c83430d31a6749c0abfa23,61c83430d31a6749c0abfa22,61c8342fd31a6749c0abfa1b
61c83430d31a6749c0abfa25,61c83430d31a6749c0abfa24,61c8342fd31a6749c0abfa1b
61c83440d31a6749c0abfa2a,61c83440d31a6749c0abfa29,61c83440d31a6749c0abfa26
61c83440d31a6749c0abfa2c,61c83440d31a6749c0abfa2b,61c83440d31a6749c0abfa26
61c83440d31a6749c0abfa2e,61c83440d31a6749c0abfa2d,61c83440d31a6749c0abfa26
61c83440d31a6749c0abfa30,61c83440d31a6749c0abfa2f,61c83440d31a6749c0abfa26
61c83440d31a6749c0abfa32,61c83440d31a6749c0abfa31,61c83440d31a6749c0abfa26
61c83441d31a6749c0abfa34,61c83441d31a6749c0abfa33,61c83440d31a6749c0abfa26
61c83441d31a6749c0abfa39,61c83441d31a6749c0abfa38,61c83441d31a6749c0abfa35
61c83441d31a6749c0abfa3b,61c83441d31a6749c0abfa3a,61c83441d31a6749c0abfa35
61c83441d31a6749c0abfa3d,61c83441d31a6749c0abfa3c,61c83441d31a6749c0abfa35
61c83441d31a6749c0abfa3f,61c83441d31a6749c0abfa3e,61c83441d31a6749c0abfa35
61c83441d31a6749c0abfa41,61c83441d31a6749c0abfa40,61c83441d31a6749c0abfa35
61c83441d31a6749c0abfa43,61c83441d31a6749c0abfa42,61c83441d31a6749c0abfa35
61c83441d31a6749c0abfa48,61c83441d31a6749c0abfa47,61c83441d31a6749c0abfa44
61c83442d31a6749c0abfa4a,61c83442d31a6749c0abfa49,61c83441d31a6749c0abfa44
61c83442d31a6749c0abfa4c,61c83442d31a6749c0abfa4b,61c83441d31a6749c0abfa44
61c83442d31a6749c0abfa4e,61c83442d31a6749c0abfa4d,61c83441d31a6749c0abfa44
61c83442d31a6749c0abfa50,61c83442d31a6749c0abfa4f,61c83441d31a6749c0abfa44
61c83442d31a6749c0abfa52,61c83442d31a6749c0abfa51,61c83441d31a6749c0abfa44
61c83442d31a6749c0abfa57,61c83442d31a6749c0abfa56,61c83442d31a6749c0abfa53
61c83442d31a6749c0abfa59,61c83442d31a6749c0abfa58,61c83442d31a6749c0abfa53
61c83442d31a6749c0abfa5b,61c83442d31a6749c0abfa5a,61c83442d31a6749c0abfa53
61c83442d31a6749c0abfa5d,61c83442d31a6749c0abfa5c,61c83442d31a6749c0abfa53
61c83442d31a6749c0abfa5f,61c83442d31a6749c0abfa5e,61c83442d31a6749c0abfa53
61c83443d31a6749c0abfa61,61c83443d31a6749c0abfa60,61c83442d31a6749c0abfa53
61c83443d31a6749c0abfa66,61c83443d31a6749c0abfa65,61c83443d31a6749c0abfa62
61c83443d31a6749c0abfa68,61c83443d31a6749c0abfa67,61c83443d31a6749c0abfa62
61c83443d31a6749c0abfa6a,61c83443d31a6749c0abfa69,61c83443d31a6749c0abfa62
61c83443d31a6749c0abfa6c,61c83443d31a6749c0abfa6b,61c83443d31a6749c0abfa62
61c83443d31a6749c0abfa6e,61c83443d31a6749c0abfa6d,61c83443d31a6749c0abfa62
61c83443d31a6749c0abfa70,61c83443d31a6749c0abfa6f,61c83443d31a6749c0abfa62
61c83443d31a6749c0abfa75,61c83443d31a6749c0abfa74,61c83443d31a6749c0abfa71
61c83444d31a6749c0abfa77,61c83443d31a6749c0abfa76,61c83443d31a6749c0abfa71
61c83444d31a6749c0abfa79,61c83444d31a6749c0abfa78,61c83443d31a6749c0abfa71
61c83444d31a6749c0abfa7b,61c83444d31a6749c0abfa7a,61c83443d31a6749c0abfa71
61c83444d31a6749c0abfa7d,61c83444d31a6749c0abfa7c,61c83443d31a6749c0abfa71
61c83444d31a6749c0abfa7f,61c83444d31a6749c0abfa7e,61c83443d31a6749c0abfa71
61c83444d31a6749c0abfa84,61c83444d31a6749c0abfa83,61c83444d31a6749c0abfa80
61c83444d31a6749c0abfa86,61c83444d31a6749c0abfa85,61c83444d31a6749c0abfa80
61c83444d31a6749c0abfa88,61c83444d31a6749c0abfa87,61c83444d31a6749c0abfa80
61c83444d31a6749c0abfa8a,61c83444d31a6749c0abfa89,61c83444d31a6749c0abfa80
61c83444d31a6749c0abfa8c,61c83444d31a6749c0abfa8b,61c83444d31a6749c0abfa80
61c83444d31a6749c0abfa8e,61c83444d31a6749c0abfa8d,61c83444d31a6749c0abfa80
61c83445d31a6749c0abfa93,61c83445d31a6749c0abfa92,61c83445d31a6749c0abfa8f
61c83445d31a6749c0abfa95,61c83445d31a6749c0abfa94,61c83445d31a6749c0abfa8f
61c83445d31a6749c0abfa97,61c83445d31a6749c0abfa96,61c83445d31a6749c0abfa8f
61c83445d31a6749c0abfa99,61c83445d31a6749c0abfa98,61c83445d31a6749c0abfa8f
61c83445d31a6749c0abfa9b,61c83445d31a6749c0abfa9a,61c83445d31a6749c0abfa8f
61c83445d31a6749c0abfa9d,61c83445d31a6749c0abfa9c,61c83445d31a6749c0abfa8f
61c83445d31a6749c0abfaa2,61c83445d31a6749c0abfaa1,61c83445d31a6749c0abfa9e
61c83446d31a6749c0abfaa4,61c83446d31a6749c0abfaa3,61c83445d31a6749c0abfa9e
61c83446d31a6749c0abfaa6,61c83446d31a6749c0abfaa5,61c83445d31a6749c0abfa9e
61c83446d31a6749c0abfaa8,61c83446d31a6749c0abfaa7,61c83445d31a6749c0abfa9e
61c83446d31a6749c0abfaaa,61c83446d31a6749c0abfaa9,61c83445d31a6749c0abfa9e
61c83446d31a6749c0abfaac,61c83446d31a6749c0abfaab,61c83445d31a6749c0abfa9e
61c83446d31a6749c0abfab1,61c83446d31a6749c0abfab0,61c83446d31a6749c0abfaad
61c83446d31a6749c0abfab3,61c83446d31a6749c0abfab2,61c83446d31a6749c0abfaad
61c83446d31a6749c0abfab5,61c83446d31a6749c0abfab4,61c83446d31a6749c0abfaad
61c83446d31a6749c0abfab7,61c83446d31a6749c0abfab6,61c83446d31a6749c0abfaad
61c83447d31a6749c0abfab9,61c83447d31a6749c0abfab8,61c83446d31a6749c0abfaad
61c83447d31a6749c0abfabb,61c83447d31a6749c0abfaba,61c83446d31a6749c0abfaad
61c83447d31a6749c0abfac0,61c83447d31a6749c0abfabf,61c83447d31a6749c0abfabc
61c83447d31a6749c0abfac2,61c83447d31a6749c0abfac1,61c83447d31a6749c0abfabc
61c83447d31a6749c0abfac4,61c83447d31a6749c0abfac3,61c83447d31a6749c0abfabc
61c83447d31a6749c0abfac6,61c83447d31a6749c0abfac5,61c83447d31a6749c0abfabc
61c83447d31a6749c0abfac8,61c83447d31a6749c0abfac7,61c83447d31a6749c0abfabc
61c83447d31a6749c0abfaca,61c83447d31a6749c0abfac9,61c83447d31a6749c0abfabc
61c83448d31a6749c0abfacf,61c83448d31a6749c0abface,61c83448d31a6749c0abfacb
61c83448d31a6749c0abfad1,61c83448d31a6749c0abfad0,61c83448d31a6749c0abfacb
61c83448d31a6749c0abfad3,61c83448d31a6749c0abfad2,61c83448d31a6749c0abfacb
61c83448d31a6749c0abfad5,61c83448d31a6749c0abfad4,61c83448d31a6749c0abfacb
61c83448d31a6749c0abfad7,61c83448d31a6749c0abfad6,61c83448d31a6749c0abfacb
61c83448d31a6749c0abfad9,61c83448d31a6749c0abfad8,61c83448d31a6749c0abfacb
61c83448d31a6749c0abfade,61c83448d31a6749c0abfadd,61c83448d31a6749c0abfada
61c83449d31a6749c0abfae0,61c83448d31a6749c0abfadf,61c83448d31a6749c0abfada
61c83449d31a6749c0abfae2,61c83449d31a6749c0abfae1,61c83448d31a6749c0abfada
61c83449d31a6749c0abfae4,61c83449d31a6749c0abfae3,61c83448d31a6749c0abfada
61c83449d31a6749c0abfae6,61c83449d31a6749c0abfae5,61c83448d31a6749c0abfada
61c83449d31a6749c0abfae8,61c83449d31a6749c0abfae7,61c83448d31a6749c0abfada
61c83449d31a6749c0abfaed,61c83449d31a6749c0abfaec,61c83449d31a6749c0abfae9
61c83449d31a6749c0abfaef,61c83449d31a6749c0abfaee,61c83449d31a6749c0abfae9
61c83449d31a6749c0abfaf1,61c83449d31a6749c0abfaf0,61c83449d31a6749c0abfae9
61c83449d31a6749c0abfaf3,61c83449d31a6749c0abfaf2,61c83449d31a6749c0abfae9
61c8344ad31a6749c0abfaf5,61c83449d31a6749c0abfaf4,61c83449d31a6749c0abfae9
61c8344ad31a6749c0abfaf7,61c8344ad31a6749c0abfaf6,61c83449d31a6749c0abfae9
61c8344ad31a6749c0abfafc,61c8344ad31a6749c0abfafb,61c8344ad31a6749c0abfaf8
61c8344ad31a6749c0abfafe,61c8344ad31a6749c0abfafd,61c8344ad31a6749c0abfaf8
61c8344ad31a6749c0abfb00,61c8344ad31a6749c0abfaff,61c8344ad31a6749c0abfaf8
61c8344ad31a6749c0abfb02,61c8344ad31a6749c0abfb01,61c8344ad31a6749c0abfaf8
61c8344ad31a6749c0abfb04,61c8344ad31a6749c0abfb03,61c8344ad31a6749c0abfaf8
61c8344ad31a6749c0abfb06,61c8344ad31a6749c0abfb05,61c8344ad31a6749c0abfaf8
61c8344bd31a6749c0abfb0b,61c8344bd31a6749c0abfb0a,61c8344ad31a6749c0abfb07
61c8344bd31a6749c0abfb0d,61c8344bd31a6749c0abfb0c,61c8344ad31a6749c0abfb07
61c8344bd31a6749c0abfb0f,61c8344bd31a6749c0abfb0e,61c8344ad31a6749c0abfb07
61c8344bd31a6749c0abfb11,61c8344bd31a6749c0abfb10,61c8344ad31a6749c0abfb07
61c8344bd31a6749c0abfb13,61c8344bd31a6749c0abfb12,61c8344ad31a6749c0abfb07
61c8344bd31a6749c0abfb15,61c8344bd31a6749c0abfb14,61c8344ad31a6749c0abfb07
61c8344bd31a6749c0abfb1a,61c8344bd31a6749c0abfb19,61c8344bd31a6749c0abfb16
61c8344bd31a6749c0abfb1c,61c8344bd31a6749c0abfb1b,61c8344bd31a6749c0abfb16
61c8344cd31a6749c0abfb1e,61c8344cd31a6749c0abfb1d,61c8344bd31a6749c0abfb16
61c8344cd31a6749c0abfb20,61c8344cd31a6749c0abfb1f,61c8344bd31a6749c0abfb16
61c8344cd31a6749c0abfb22,61c8344cd31a6749c0abfb21,61c8344bd31a6749c0abfb16
61c8344cd31a6749c0abfb24,61c8344cd31a6749c0abfb23,61c8344bd31a6749c0abfb16
61c8344cd31a6749c0abfb29,61c8344cd31a6749c0abfb28,61c8344cd31a6749c0abfb25
61c8344cd31a6749c0abfb2b,61c8344cd31a6749c0abfb2a,61c8344cd31a6749c0abfb25
61c8344cd31a6749c0abfb2d,61c8344cd31a6749c0abfb2c,61c8344cd31a6749c0abfb25
61c8344cd31a6749c0abfb2f,61c8344cd31a6749c0abfb2e,61c8344cd31a6749c0abfb25
61c8344cd31a6749c0abfb31,61c8344cd31a6749c0abfb30,61c8344cd31a6749c0abfb25
61c8344dd31a6749c0abfb33,61c8344cd31a6749c0abfb32,61c8344cd31a6749c0abfb25
61c8344dd31a6749c0abfb38,61c8344dd31a6749c0abfb37,61c8344dd31a6749c0abfb34
61c8344dd31a6749c0abfb3a,61c8344dd31a6749c0abfb39,61c8344dd31a6749c0abfb34
61c8344dd31a6749c0abfb3c,61c8344dd31a6749c0abfb3b,61c8344dd31a6749c0abfb34
61c8344dd31a6749c0abfb3e,61c8344dd31a6749c0abfb3d,61c8344dd31a6749c0abfb34
61c8344dd31a6749c0abfb40,61c8344dd31a6749c0abfb3f,61c8344dd31a6749c0abfb34
61c8344dd31a6749c0abfb42,61c8344dd31a6749c0abfb41,61c8344dd31a6749c0abfb34
61c8344ed31a6749c0abfb47,61c8344dd31a6749c0abfb46,61c8344dd31a6749c0abfb43
61c8344ed31a6749c0abfb49,61c8344ed31a6749c0abfb48,61c8344dd31a6749c0abfb43
61c8344ed31a6749c0abfb4b,61c8344ed31a6749c0abfb4a,61c8344dd31a6749c0abfb43
61c8344ed31a6749c0abfb4d,61c8344ed31a6749c0abfb4c,61c8344dd31a6749c0abfb43
61c8344ed31a6749c0abfb4f,61c8344ed31a6749c0abfb4e,61c8344dd31a6749c0abfb43
61c8344ed31a6749c0abfb51,61c8344ed31a6749c0abfb50,61c8344dd31a6749c0abfb43
61c83478d31a6749c0abfb56,61c83478d31a6749c0abfb55,61c83478d31a6749c0abfb52
61c83478d31a6749c0abfb58,61c83478d31a6749c0abfb57,61c83478d31a6749c0abfb52
61c83478d31a6749c0abfb5a,61c83478d31a6749c0abfb59,61c83478d31a6749c0abfb52
61c83478d31a6749c0abfb5c,61c83478d31a6749c0abfb5b,61c83478d31a6749c0abfb52
61c83478d31a6749c0abfb5e,61c83478d31a6749c0abfb5d,61c83478d31a6749c0abfb52
61c83478d31a6749c0abfb63,61c83478d31a6749c0abfb62,61c83478d31a6749c0abfb5f
61c83479d31a6749c0abfb65,61c83479d31a6749c0abfb64,61c83478d31a6749c0abfb5f
61c83479d31a6749c0abfb67,61c83479d31a6749c0abfb66,61c83478d31a6749c0abfb5f
61c83479d31a6749c0abfb69,61c83479d31a6749c0abfb68,61c83478d31a6749c0abfb5f
61c83479d31a6749c0abfb6b,61c83479d31a6749c0abfb6a,61c83478d31a6749c0abfb5f
61c83479d31a6749c0abfb70,61c83479d31a6749c0abfb6f,61c83479d31a6749c0abfb6c
61c83479d31a6749c0abfb72,61c83479d31a6749c0abfb71,61c83479d31a6749c0abfb6c
61c83479d31a6749c0abfb74,61c83479d31a6749c0abfb73,61c83479d31a6749c0abfb6c
61c83479d31a6749c0abfb76,61c83479d31a6749c0abfb75,61c83479d31a6749c0abfb6c
61c8347ad31a6749c0abfb78,61c83479d31a6749c0abfb77,61c83479d31a6749c0abfb6c
61c8347ad31a6749c0abfb7d,61c8347ad31a6749c0abfb7c,61c8347ad31a6749c0abfb79
61c8347ad31a6749c0abfb7f,61c8347ad31a6749c0abfb7e,61c8347ad31a6749c0abfb79
61c8347ad31a6749c0abfb81,61c8347ad31a6749c0abfb80,61c8347ad31a6749c0abfb79
61c8347ad31a6749c0abfb83,61c8347ad31a6749c0abfb82,61c8347ad31a6749c0abfb79
61c8347ad31a6749c0abfb85,61c8347ad31a6749c0abfb84,61c8347ad31a6749c0abfb79
61c8347ad31a6749c0abfb8a,61c8347ad31a6749c0abfb89,61c8347ad31a6749c0abfb86
61c8347ad31a6749c0abfb8c,61c8347ad31a6749c0abfb8b,61c8347ad31a6749c0abfb86
61c8347bd31a6749c0abfb8e,61c8347ad31a6749c0abfb8d,61c8347ad31a6749c0abfb86
61c8347bd31a6749c0abfb90,61c8347bd31a6749c0abfb8f,61c8347ad31a6749c0abfb86
61c8347bd31a6749c0abfb92,61c8347bd31a6749c0abfb91,61c8347ad31a6749c0abfb86
61c8347bd31a6749c0abfb97,61c8347bd31a6749c0abfb96,61c8347bd31a6749c0abfb93
61c8347bd31a6749c0abfb99,61c8347bd31a6749c0abfb98,61c8347bd31a6749c0abfb93
61c8347bd31a6749c0abfb9b,61c8347bd31a6749c0abfb9a,61c8347bd31a6749c0abfb93
61c8347bd31a6749c0abfb9d,61c8347bd31a6749c0abfb9c,61c8347bd31a6749c0abfb93
61c8347bd31a6749c0abfb9f,61c8347bd31a6749c0abfb9e,61c8347bd31a6749c0abfb93
61c8347cd31a6749c0abfba4,61c8347cd31a6749c0abfba3,61c8347bd31a6749c0abfba0
61c8347cd31a6749c0abfba6,61c8347cd31a6749c0abfba5,61c8347bd31a6749c0abfba0
61c8347cd31a6749c0abfba8,61c8347cd31a6749c0abfba7,61c8347bd31a6749c0abfba0
61c8347cd31a6749c0abfbaa,61c8347cd31a6749c0abfba9,61c8347bd31a6749c0abfba0
61c8347cd31a6749c0abfbac,61c8347cd31a6749c0abfbab,61c8347bd31a6749c0abfba0
61c8347cd31a6749c0abfbb1,61c8347cd31a6749c0abfbb0,61c8347cd31a6749c0abfbad
61c8347cd31a6749c0abfbb3,61c8347cd31a6749c0abfbb2,61c8347cd31a6749c0abfbad
61c8347cd31a6749c0abfbb5,61c8347cd31a6749c0abfbb4,61c8347cd31a6749c0abfbad
61c8347cd31a6749c0abfbb7,61c8347cd31a6749c0abfbb6,61c8347cd31a6749c0abfbad
61c8347dd31a6749c0abfbb9,61c8347cd31a6749c0abfbb8,61c8347cd31a6749c0abfbad
61c8347dd31a6749c0abfbbe,61c8347dd31a6749c0abfbbd,61c8347dd31a6749c0abfbba
61c8347dd31a6749c0abfbc0,61c8347dd31a6749c0abfbbf,61c8347dd31a6749c0abfbba
61c8347dd31a6749c0abfbc2,61c8347dd31a6749c0abfbc1,61c8347dd31a6749c0abfbba
61c8347dd31a6749c0abfbc4,61c8347dd31a6749c0abfbc3,61c8347dd31a6749c0abfbba
61c8347dd31a6749c0abfbc6,61c8347dd31a6749c0abfbc5,61c8347dd31a6749c0abfbba
61c8347dd31a6749c0abfbcb,61c8347dd31a6749c0abfbca,61c8347dd31a6749c0abfbc7
61c8347dd31a6749c0abfbcd,61c8347dd31a6749c0abfbcc,61c8347dd31a6749c0abfbc7
61c8347ed31a6749c0abfbcf,61c8347dd31a6749c0abfbce,61c8347dd31a6749c0abfbc7
61c8347ed31a6749c0abfbd1,61c8347ed31a6749c0abfbd0,61c8347dd31a6749c0abfbc7
61c8347ed31a6749c0abfbd3,61c8347ed31a6749c0abfbd2,61c8347dd31a6749c0abfbc7
61c8347ed31a6749c0abfbd8,61c8347ed31a6749c0abfbd7,61c8347ed31a6749c0abfbd4
61c8347ed31a6749c0abfbda,61c8347ed31a6749c0abfbd9,61c8347ed31a6749c0abfbd4
61c8347ed31a6749c0abfbdc,61c8347ed31a6749c0abfbdb,61c8347ed31a6749c0abfbd4
61c8347ed31a6749c0abfbde,61c8347ed31a6749c0abfbdd,61c8347ed31a6749c0abfbd4
61c8347ed31a6749c0abfbe0,61c8347ed31a6749c0abfbdf,61c8347ed31a6749c0abfbd4
61c8347fd31a6749c0abfbe5,61c8347ed31a6749c0abfbe4,61c8347ed31a6749c0abfbe1
61c8347fd31a6749c0abfbe7,61c8347fd31a6749c0abfbe6,61c8347ed31a6749c0abfbe1
61c8347fd31a6749c0abfbe9,61c8347fd31a6749c0abfbe8,61c8347ed31a6749c0abfbe1
61c8347fd31a6749c0abfbeb,61c8347fd31a6749c0abfbea,61c8347ed31a6749c0abfbe1
61c8347fd31a6749c0abfbed,61c8347fd31a6749c0abfbec,61c8347ed31a6749c0abfbe1
61c8347fd31a6749c0abfbf2,61c8347fd31a6749c0abfbf1,61c8347fd31a6749c0abfbee
61c8347fd31a6749c0abfbf4,61c8347fd31a6749c0abfbf3,61c8347fd31a6749c0abfbee
61c8347fd31a6749c0abfbf6,61c8347fd31a6749c0abfbf5,61c8347fd31a6749c0abfbee
61c8347fd31a6749c0abfbf8,61c8347fd31a6749c0abfbf7,61c8347fd31a6749c0abfbee
61c8347fd31a6749c0abfbfa,61c8347fd31a6749c0abfbf9,61c8347fd31a6749c0abfbee
61c83480d31a6749c0abfbff,61c83480d31a6749c0abfbfe,61c83480d31a6749c0abfbfb
61c83480d31a6749c0abfc01,61c83480d31a6749c0abfc00,61c83480d31a6749c0abfbfb
61c83480d31a6749c0abfc03,61c83480d31a6749c0abfc02,61c83480d31a6749c0abfbfb
61c83480d31a6749c0abfc05,61c83480d31a6749c0abfc04,61c83480d31a6749c0abfbfb
61c83480d31a6749c0abfc07,61c83480d31a6749c0abfc06,61c83480d31a6749c0abfbfb
61c83480d31a6749c0abfc0c,61c83480d31a6749c0abfc0b,61c83480d31a6749c0abfc08
61c83480d31a6749c0abfc0e,61c83480d31a6749c0abfc0d,61c83480d31a6749c0abfc08
61c83480d31a6749c0abfc10,61c83480d31a6749c0abfc0f,61c83480d31a6749c0abfc08
61c83481d31a6749c0abfc12,61c83481d31a6749c0abfc11,61c83480d31a6749c0abfc08
61c83481d31a6749c0abfc14,61c83481d31a6749c0abfc13,61c83480d31a6749c0abfc08
61c83481d31a6749c0abfc19,61c83481d31a6749c0abfc18,61c83481d31a6749c0abfc15
61c83481d31a6749c0abfc1b,61c83481d31a6749c0abfc1a,61c83481d31a6749c0abfc15
61c83481d31a6749c0abfc1d,61c83481d31a6749c0abfc1c,61c83481d31a6749c0abfc15
61c83481d31a6749c0abfc1f,61c83481d31a6749c0abfc1e,61c83481d31a6749c0abfc15
61c83481d31a6749c0abfc21,61c83481d31a6749c0abfc20,61c83481d31a6749c0abfc15
61c83482d31a6749c0abfc26,61c83482d31a6749c0abfc25,61c83481d31a6749c0abfc22
61c83482d31a6749c0abfc28,61c83482d31a6749c0abfc27,61c83481d31a6749c0abfc22
61c83482d31a6749c0abfc2a,61c83482d31a6749c0abfc29,61c83481d31a6749c0abfc22
61c83482d31a6749c0abfc2c,61c83482d31a6749c0abfc2b,61c83481d31a6749c0abfc22
61c83482d31a6749c0abfc2e,61c83482d31a6749c0abfc2d,61c83481d31a6749c0abfc22
61c83482d31a6749c0abfc33,61c83482d31a6749c0abfc32,61c83482d31a6749c0abfc2f
61c83482d31a6749c0abfc35,61c83482d31a6749c0abfc34,61c83482d31a6749c0abfc2f
61c83482d31a6749c0abfc37,61c83482d31a6749c0abfc36,61c83482d31a6749c0abfc2f
61c83483d31a6749c0abfc39,61c83483d31a6749c0abfc38,61c83482d31a6749c0abfc2f
61c83483d31a6749c0abfc3b,61c83483d31a6749c0abfc3a,61c83482d31a6749c0abfc2f
61c83483d31a6749c0abfc40,61c83483d31a6749c0abfc3f,61c83483d31a6749c0abfc3c
61c83483d31a6749c0abfc42,61c83483d31a6749c0abfc41,61c83483d31a6749c0abfc3c
61c83483d31a6749c0abfc44,61c83483d31a6749c0abfc43,61c83483d31a6749c0abfc3c
61c83483d31a6749c0abfc46,61c83483d31a6749c0abfc45,61c83483d31a6749c0abfc3c
61c83483d31a6749c0abfc48,61c83483d31a6749c0abfc47,61c83483d31a6749c0abfc3c
61c83484d31a6749c0abfc4d,61c83484d31a6749c0abfc4c,61c83483d31a6749c0abfc49
61c83484d31a6749c0abfc4f,61c83484d31a6749c0abfc4e,61c83483d31a6749c0abfc49
61c83484d31a6749c0abfc51,61c83484d31a6749c0abfc50,61c83483d31a6749c0abfc49
61c83484d31a6749c0abfc53,61c83484d31a6749c0abfc52,61c83483d31a6749c0abfc49
61c83484d31a6749c0abfc55,61c83484d31a6749c0abfc54,61c83483d31a6749c0abfc49
61c83484d31a6749c0abfc5a,61c83484d31a6749c0abfc59,61c83484d31a6749c0abfc56
61c83484d31a6749c0abfc5c,61c83484d31a6749c0abfc5b,61c83484d31a6749c0abfc56
61c83484d31a6749c0abfc5e,61c83484d31a6749c0abfc5d,61c83484d31a6749c0abfc56
61c83484d31a6749c0abfc60,61c83484d31a6749c0abfc5f,61c83484d31a6749c0abfc56
61c83485d31a6749c0abfc62,61c83484d31a6749c0abfc61,61c83484d31a6749c0abfc56
61c83485d31a6749c0abfc67,61c83485d31a6749c0abfc66,61c83485d31a6749c0abfc63
61c83485d31a6749c0abfc69,61c83485d31a6749c0abfc68,61c83485d31a6749c0abfc63
61c83485d31a6749c0abfc6b,61c83485d31a6749c0abfc6a,61c83485d31a6749c0abfc63
61c83485d31a6749c0abfc6d,61c83485d31a6749c0abfc6c,61c83485d31a6749c0abfc63
61c83485d31a6749c0abfc6f,61c83485d31a6749c0abfc6e,61c83485d31a6749c0abfc63
61c83485d31a6749c0abfc74,61c83485d31a6749c0abfc73,61c83485d31a6749c0abfc70
61c83485d31a6749c0abfc76,61c83485d31a6749c0abfc75,61c83485d31a6749c0abfc70
61c83486d31a6749c0abfc78,61c83485d31a6749c0abfc77,61c83485d31a6749c0abfc70
61c83486d31a6749c0abfc7a,61c83486d31a6749c0abfc79,61c83485d31a6749c0abfc70
61c83486d31a6749c0abfc7c,61c83486d31a6749c0abfc7b,61c83485d31a6749c0abfc70
61c83486d31a6749c0abfc81,61c83486d31a6749c0abfc80,61c83486d31a6749c0abfc7d
61c83486d31a6749c0abfc83,61c83486d31a6749c0abfc82,61c83486d31a6749c0abfc7d
61c83486d31a6749c0abfc85,61c83486d31a6749c0abfc84,61c83486d31a6749c0abfc7d
61c83486d31a6749c0abfc87,61c83486d31a6749c0abfc86,61c83486d31a6749c0abfc7d
61c83486d31a6749c0abfc89,61c83486d31a6749c0abfc88,61c83486d31a6749c0abfc7d
61c83486d31a6749c0abfc8e,61c83486d31a6749c0abfc8d,61c83486d31a6749c0abfc8a
61c83487d31a6749c0abfc90,61c83487d31a6749c0abfc8f,61c83486d31a6749c0abfc8a
61c83487d31a6749c0abfc92,61c83487d31a6749c0abfc91,61c83486d31a6749c0abfc8a
61c83487d31a6749c0abfc94,61c83487d31a6749c0abfc93,61c83486d31a6749c0abfc8a
61c83487d31a6749c0abfc96,61c83487d31a6749c0abfc95,61c83486d31a6749c0abfc8a
61c83572d31a6749c0abfc9b,61c83572d31a6749c0abfc9a,61c83572d31a6749c0abfc97
61c83572d31a6749c0abfc9d,61c83572d31a6749c0abfc9c,61c83572d31a6749c0abfc97
61c83572d31a6749c0abfc9f,61c83572d31a6749c0abfc9e,61c83572d31a6749c0abfc97
61c83573d31a6749c0abfca1,61c83572d31a6749c0abfca0,61c83572d31a6749c0abfc97
61c83573d31a6749c0abfca3,61c83573d31a6749c0abfca2,61c83572d31a6749c0abfc97
61c83573d31a6749c0abfca5,61c83573d31a6749c0abfca4,61c83572d31a6749c0abfc97
61c83573d31a6749c0abfca7,61c83573d31a6749c0abfca6,61c83572d31a6749c0abfc97
61c83573d31a6749c0abfca9,61c83573d31a6749c0abfca8,61c83572d31a6749c0abfc97
61c83573d31a6749c0abfcab,61c83573d31a6749c0abfcaa,61c83572d31a6749c0abfc97
61c83573d31a6749c0abfcb0,61c83573d31a6749c0abfcaf,61c83573d31a6749c0abfcac
61c83573d31a6749c0abfcb2,61c83573d31a6749c0abfcb1,61c83573d31a6749c0abfcac
61c83573d31a6749c0abfcb4,61c83573d31a6749c0abfcb3,61c83573d31a6749c0abfcac
61c83573d31a6749c0abfcb6,61c83573d31a6749c0abfcb5,61c83573d31a6749c0abfcac
61c83574d31a6749c0abfcb8,61c83574d31a6749c0abfcb7,61c83573d31a6749c0abfcac
61c83574d31a6749c0abfcba,61c83574d31a6749c0abfcb9,61c83573d31a6749c0abfcac
61c83574d31a6749c0abfcbc,61c83574d31a6749c0abfcbb,61c83573d31a6749c0abfcac
61c83574d31a6749c0abfcbe,61c83574d31a6749c0abfcbd,61c83573d31a6749c0abfcac
61c83574d31a6749c0abfcc0,61c83574d31a6749c0abfcbf,61c83573d31a6749c0abfcac
61c83574d31a6749c0abfcc5,61c83574d31a6749c0abfcc4,61c83574d31a6749c0abfcc1
61c83574d31a6749c0abfcc7,61c83574d31a6749c0abfcc6,61c83574d31a6749c0abfcc1
61c83574d31a6749c0abfcc9,61c83574d31a6749c0abfcc8,61c83574d31a6749c0abfcc1
61c83575d31a6749c0abfccb,61c83575d31a6749c0abfcca,61c83574d31a6749c0abfcc1
61c83575d31a6749c0abfccd,61c83575d31a6749c0abfccc,61c83574d31a6749c0abfcc1
61c83575d31a6749c0abfccf,61c83575d31a6749c0abfcce,61c83574d31a6749c0abfcc1
61c83575d31a6749c0abfcd1,61c83575d31a6749c0abfcd0,61c83574d31a6749c0abfcc1
61c83575d31a6749c0abfcd3,61c83575d31a6749c0abfcd2,61c83574d31a6749c0abfcc1
61c83575d31a6749c0abfcd5,61c83575d31a6749c0abfcd4,61c83574d31a6749c0abfcc1
61c83575d31a6749c0abfcda,61c83575d31a6749c0abfcd9,61c83575d31a6749c0abfcd6
61c83576d31a6749c0abfcdc,61c83575d31a6749c0abfcdb,61c83575d31a6749c0abfcd6
61c83576d31a6749c0abfcde,61c83576d31a6749c0abfcdd,61c83575d31a6749c0abfcd6
61c83576d31a6749c0abfce0,61c83576d31a6749c0abfcdf,61c83575d31a6749c0abfcd6
61c83576d31a6749c0abfce2,61c83576d31a6749c0abfce1,61c83575d31a6749c0abfcd6
61c83576d31a6749c0abfce4,61c83576d31a6749c0abfce3,61c83575d31a6749c0abfcd6
61c83576d31a6749c0abfce6,61c83576d31a6749c0abfce5,61c83575d31a6749c0abfcd6
61c83576d31a6749c0abfce8,61c83576d31a6749c0abfce7,61c83575d31a6749c0abfcd6
61c83576d31a6749c0abfcea,61c83576d31a6749c0abfce9,61c83575d31a6749c0abfcd6
61c83576d31a6749c0abfcef,61c83576d31a6749c0abfcee,61c83576d31a6749c0abfceb
61c83577d31a6749c0abfcf1,61c83577d31a6749c0abfcf0,61c83576d31a6749c0abfceb
61c83577d31a6749c0abfcf3,61c83577d31a6749c0abfcf2,61c83576d31a6749c0abfceb
61c83577d31a6749c0abfcf5,61c83577d31a6749c0abfcf4,61c83576d31a6749c0abfceb
61c83577d31a6749c0abfcf7,61c83577d31a6749c0abfcf6,61c83576d31a6749c0abfceb
61c83577d31a6749c0abfcf9,61c83577d31a6749c0abfcf8,61c83576d31a6749c0abfceb
61c83577d31a6749c0abfcfb,61c83577d31a6749c0abfcfa,61c83576d31a6749c0abfceb
61c83577d31a6749c0abfcfd,61c83577d31a6749c0abfcfc,61c83576d31a6749c0abfceb
61c83577d31a6749c0abfcff,61c83577d31a6749c0abfcfe,61c83576d31a6749c0abfceb
61c83577d31a6749c0abfd04,61c83577d31a6749c0abfd03,61c83577d31a6749c0abfd00
61c83578d31a6749c0abfd06,61c83577d31a6749c0abfd05,61c83577d31a6749c0abfd00
61c83578d31a6749c0abfd08,61c83578d31a6749c0abfd07,61c83577d31a6749c0abfd00
61c83578d31a6749c0abfd0a,61c83578d31a6749c0abfd09,61c83577d31a6749c0abfd00
61c83578d31a6749c0abfd0c,61c83578d31a6749c0abfd0b,61c83577d31a6749c0abfd00
61c83578d31a6749c0abfd0e,61c83578d31a6749c0abfd0d,61c83577d31a6749c0abfd00
61c83578d31a6749c0abfd10,61c83578d31a6749c0abfd0f,61c83577d31a6749c0abfd00
61c83578d31a6749c0abfd12,61c83578d31a6749c0abfd11,61c83577d31a6749c0abfd00
61c83578d31a6749c0abfd14,61c83578d31a6749c0abfd13,61c83577d31a6749c0abfd00
61c83578d31a6749c0abfd19,61c83578d31a6749c0abfd18,61c83578d31a6749c0abfd15
61c83579d31a6749c0abfd1b,61c83579d31a6749c0abfd1a,61c83578d31a6749c0abfd15
61c83579d31a6749c0abfd1d,61c83579d31a6749c0abfd1c,61c83578d31a6749c0abfd15
61c83579d31a6749c0abfd1f,61c83579d31a6749c0abfd1e,61c83578d31a6749c0abfd15
61c83579d31a6749c0abfd21,61c83579d31a6749c0abfd20,61c83578d31a6749c0abfd15
61c83579d31a6749c0abfd23,61c83579d31a6749c0abfd22,61c83578d31a6749c0abfd15
61c83579d31a6749c0abfd25,61c83579d31a6749c0abfd24,61c83578d31a6749c0abfd15
61c83579d31a6749c0abfd27,61c83579d31a6749c0abfd26,61c83578d31a6749c0abfd15
61c8357ad31a6749c0abfd29,61c8357ad31a6749c0abfd28,61c83578d31a6749c0abfd15
61c8357ad31a6749c0abfd2e,61c8357ad31a6749c0abfd2d,61c8357ad31a6749c0abfd2a
61c8357ad31a6749c0abfd30,61c8357ad31a6749c0abfd2f,61c8357ad31a6749c0abfd2a
61c8357ad31a6749c0abfd32,61c8357ad31a6749c0abfd31,61c8357ad31a6749c0abfd2a
61c8357ad31a6749c0abfd34,61c8357ad31a6749c0abfd33,61c8357ad31a6749c0abfd2a
61c8357ad31a6749c0abfd36,61c8357ad31a6749c0abfd35,61c8357ad31a6749c0abfd2a
61c8357ad31a6749c0abfd38,61c8357ad31a6749c0abfd37,61c8357ad31a6749c0abfd2a
61c8357ad31a6749c0abfd3a,61c8357ad31a6749c0abfd39,61c8357ad31a6749c0abfd2a
61c8357bd31a6749c0abfd3c,61c8357ad31a6749c0abfd3b,61c8357ad31a6749c0abfd2a
61c8357bd31a6749c0abfd3e,61c8357bd31a6749c0abfd3d,61c8357ad31a6749c0abfd2a
61c8357bd31a6749c0abfd43,61c8357bd31a6749c0abfd42,61c8357bd31a6749c0abfd3f
61c8357bd31a6749c0abfd45,61c8357bd31a6749c0abfd44,61c8357bd31a6749c0abfd3f
61c8357bd31a6749c0abfd47,61c8357bd31a6749c0abfd46,61c8357bd31a6749c0abfd3f
61c8357bd31a6749c0abfd49,61c8357bd31a6749c0abfd48,61c8357bd31a6749c0abfd3f
61c8357bd31a6749c0abfd4b,61c8357bd31a6749c0abfd4a,61c8357bd31a6749c0abfd3f
61c8357bd31a6749c0abfd4d,61c8357bd31a6749c0abfd4c,61c8357bd31a6749c0abfd3f
61c8357cd31a6749c0abfd4f,61c8357bd31a6749c0abfd4e,61c8357bd31a6749c0abfd3f
61c8357cd31a6749c0abfd51,61c8357cd31a6749c0abfd50,61c8357bd31a6749c0abfd3f
61c8357cd31a6749c0abfd53,61c8357cd31a6749c0abfd52,61c8357bd31a6749c0abfd3f
61c8357cd31a6749c0abfd58,61c8357cd31a6749c0abfd57,61c8357cd31a6749c0abfd54
61c8357cd31a6749c0abfd5a,61c8357cd31a6749c0abfd59,61c8357cd31a6749c0abfd54
61c8357cd31a6749c0abfd5c,61c8357cd31a6749c0abfd5b,61c8357cd31a6749c0abfd54
61c8357cd31a6749c0abfd5e,61c8357cd31a6749c0abfd5d,61c8357cd31a6749c0abfd54
61c8357cd31a6749c0abfd60,61c8357cd31a6749c0abfd5f,61c8357cd31a6749c0abfd54
61c8357cd31a6749c0abfd62,61c8357cd31a6749c0abfd61,61c8357cd31a6749c0abfd54
61c8357dd31a6749c0abfd64,61c8357dd31a6749c0abfd63,61c8357cd31a6749c0abfd54
61c8357dd31a6749c0abfd66,61c8357dd31a6749c0abfd65,61c8357cd31a6749c0abfd54
61c8357dd31a6749c0abfd68,61c8357dd31a6749c0abfd67,61c8357cd31a6749c0abfd54
61c8357dd31a6749c0abfd6d,61c8357dd31a6749c0abfd6c,61c8357dd31a6749c0abfd69
61c8357dd31a6749c0abfd6f,61c8357dd31a6749c0abfd6e,61c8357dd31a6749c0abfd69
61c8357dd31a6749c0abfd71,61c8357dd31a6749c0abfd70,61c8357dd31a6749c0abfd69
61c8357dd31a6749c0abfd73,61c8357dd31a6749c0abfd72,61c8357dd31a6749c0abfd69
61c8357dd31a6749c0abfd75,61c8357dd31a6749c0abfd74,61c8357dd31a6749c0abfd69
61c8357dd31a6749c0abfd77,61c8357dd31a6749c0abfd76,61c8357dd31a6749c0abfd69
61c8357ed31a6749c0abfd79,61c8357dd31a6749c0abfd78,61c8357dd31a6749c0abfd69
61c8357ed31a6749c0abfd7b,61c8357ed31a6749c0abfd7a,61c8357dd31a6749c0abfd69
61c8357ed31a6749c0abfd7d,61c8357ed31a6749c0abfd7c,61c8357dd31a6749c0abfd69
61c8357ed31a6749c0abfd82,61c8357ed31a6749c0abfd81,61c8357ed31a6749c0abfd7e
61c8357ed31a6749c0abfd84,61c8357ed31a6749c0abfd83,61c8357ed31a6749c0abfd7e
61c8357ed31a6749c0abfd86,61c8357ed31a6749c0abfd85,61c8357ed31a6749c0abfd7e
61c8357ed31a6749c0abfd88,61c8357ed31a6749c0abfd87,61c8357ed31a6749c0abfd7e
61c8357ed31a6749c0abfd8a,61c8357ed31a6749c0abfd89,61c8357ed31a6749c0abfd7e
61c8357ed31a6749c0abfd8c,61c8357ed31a6749c0abfd8b,61c8357ed31a6749c0abfd7e
61c8357fd31a6749c0abfd8e,61c8357ed31a6749c0abfd8d,61c8357ed31a6749c0abfd7e
61c8357fd31a6749c0abfd90,61c8357fd31a6749c0abfd8f,61c8357ed31a6749c0abfd7e
61c8357fd31a6749c0abfd92,61c8357fd31a6749c0abfd91,61c8357ed31a6749c0abfd7e
61c8357fd31a6749c0abfd97,61c8357fd31a6749c0abfd96,61c8357fd31a6749c0abfd93
61c8357fd31a6749c0abfd99,61c8357fd31a6749c0abfd98,61c8357fd31a6749c0abfd93
61c8357fd31a6749c0abfd9b,61c8357fd31a6749c0abfd9a,61c8357fd31a6749c0abfd93
61c8357fd31a6749c0abfd9d,61c8357fd31a6749c0abfd9c,61c8357fd31a6749c0abfd93
61c8357fd31a6749c0abfd9f,61c8357fd31a6749c0abfd9e,61c8357fd31a6749c0abfd93
61c83580d31a6749c0abfda1,61c83580d31a6749c0abfda0,61c8357fd31a6749c0abfd93
61c83580d31a6749c0abfda3,61c83580d31a6749c0abfda2,61c8357fd31a6749c0abfd93
61c83580d31a6749c0abfda5,61c83580d31a6749c0abfda4,61c8357fd31a6749c0abfd93
61c83580d31a6749c0abfda7,61c83580d31a6749c0abfda6,61c8357fd31a6749c0abfd93
61c83580d31a6749c0abfdac,61c83580d31a6749c0abfdab,61c83580d31a6749c0abfda8
61c83580d31a6749c0abfdae,61c83580d31a6749c0abfdad,61c83580d31a6749c0abfda8
61c83580d31a6749c0abfdb0,61c83580d31a6749c0abfdaf,61c83580d31a6749c0abfda8
61c83580d31a6749c0abfdb2,61c83580d31a6749c0abfdb1,61c83580d31a6749c0abfda8
61c83580d31a6749c0abfdb4,61c83580d31a6749c0abfdb3,61c83580d31a6749c0abfda8
61c83581d31a6749c0abfdb6,61c83580d31a6749c0abfdb5,61c83580d31a6749c0abfda8
61c83581d31a6749c0abfdb8,61c83581d31a6749c0abfdb7,61c83580d31a6749c0abfda8
61c83581d31a6749c0abfdba,61c83581d31a6749c0abfdb9,61c83580d31a6749c0abfda8
61c83581d31a6749c0abfdbc,61c83581d31a6749c0abfdbb,61c83580d31a6749c0abfda8