_id,bossID,orderID,restaurantID
61becf9871c67e776bf8d81a,61b847191d9cd1a455d2143f,61b849cb1d9cd1a455d21450,61b84a4e1d9cd1a455d21454
61c5db6d0bb8dd356b4c989e,61c585bb0bb8dd356b4c9708,61c5d6fa0bb8dd356b4c97e9,61c57ef30bb8dd356b4c96fd
61c5dbbf0bb8dd356b4c98b3,61c585cf0bb8dd356b4c9709,61c5d77d0bb8dd356b4c9809,61c57ff30bb8dd356b4c96ff
61c5dc590bb8dd356b4c98d2,61c585ec0bb8dd356b4c970a,61c5d85b0bb8dd356b4c9827,61c580ad0bb8dd356b4c9700
61c5dcb80bb8dd356b4c98db,61c586020bb8dd356b4c970b,61c5d9da0bb8dd356b4c9839,61c581490bb8dd356b4c9701
61c5dcee0bb8dd356b4c98ec,61c586020bb8dd356b4c970b,61c5da480bb8dd356b4c9853,61c581490bb8dd356b4c9701
61c5dd2a0bb8dd356b4c98f1,61c5861d0bb8dd356b4c970c,61c5dace0bb8dd356b4c986c,61c582630bb8dd356b4c9702
61c74d663eeabd17711464b8,61c6c6453eeabd17711463c4,61c749283eeabd177114649a,61c6bafc3eeabd17711463b5
61c74d8f3eeabd17711464b9,61c6c6273eeabd17711463c3,61c7485f3eeabd1771146496,61c6be833eeabd17711463b6
61c74dae3eeabd17711464ba,61c6c5f23eeabd17711463c2,61c7484e3eeabd1771146495,61c6bfb23eeabd17711463b7
61c74dcf3eeabd17711464bb,61c6c5df3eeabd17711463c1,61c748353eeabd1771146494,61c6c0833eeabd17711463b8
61c74dff3eeabd17711464bc,61c6c59a3eeabd17711463c0,61c748103eeabd1771146493,61c6c0d93eeabd17711463b9
61c8322ed31a6749c0abf78c,61c8322ed31a6749c0abf785,61c8322ed31a6749c0abf78a,61c8322ed31a6749c0abf784
61c8322ed31a6749c0abf792,61c8322ed31a6749c0abf785,61c8322ed31a6749c0abf790,61c8322ed31a6749c0abf784
61c8322fd31a6749c0abf796,61c8322ed31a6749c0abf785,61c8322ed31a6749c0abf794,61c8322ed31a6749c0abf784
61c8322fd31a6749c0abf79c,61c8322ed31a6749c0abf785,61c8322fd31a6749c0abf79a,61c8322ed31a6749c0abf784
61c8322fd31a6749c0abf7a5,61c8322fd31a6749c0abf79e,61c8322fd31a6749c0abf7a3,61c8322fd31a6749c0abf79d
61c8322fd31a6749c0abf7a9,61c8322fd31a6749c0abf79e,61c8322fd31a6749c0abf7a7,61c8322fd31a6749c0abf79d
61c83230d31a6749c0abf7af,61c8322fd31a6749c0abf79e,61c83230d31a6749c0abf7ad,61c8322fd31a6749c0abf79d
61c83230d31a6749c0abf7b5,61c8322fd31a6749c0abf79e,61c83230d31a6749c0abf7b3,61c8322fd31a6749c0abf79d
61c83230d31a6749c0abf7b9,61c8322fd31a6749c0abf79e,61c83230d31a6749c0abf7b7,61c8322fd31a6749c0abf79d
61c83231d31a6749c0abf7c2,61c83230d31a6749c0abf7bb,61c83230d31a6749c0abf7c0,61c83230d31a6749c0abf7ba
61c83231d31a6749c0abf7c8,61c83230d31a6749c0abf7bb,61c83231d31a6749c0abf7c6,61c83230d31a6749c0abf7ba
61c83231d31a6749c0abf7cc,61c83230d31a6749c0abf7bb,61c83231d31a6749c0abf7ca,61c83230d31a6749c0abf7ba
61c83231d31a6749c0abf7d2,61c83230d31a6749c0abf7bb,61c83231d31a6749c0abf7d0,61c83230d31a6749c0abf7ba
61c83231d31a6749c0abf7d6,61c83230d31a6749c0abf7bb,61c83231d31a6749c0abf7d4,61c83230d31a6749c0abf7ba
61c83232d31a6749c0abf7df,61c83232d31a6749c0abf7d8,61c83232d31a6749c0abf7dd,61c83231d31a6749c0abf7d7
61c83232d31a6749c0abf7e3,61c83232d31a6749c0abf7d8,61c83232d31a6749c0abf7e1,61c83231d31a6749c0abf7d7
61c83232d31a6749c0abf7e9,61c83232d31a6749c0abf7d8,61c83232d31a6749c0abf7e7,61c83231d31a6749c0abf7d7
61c83233d31a6749c0abf7ed,61c83232d31a6749c0abf7d8,61c83232d31a6749c0abf7eb,61c83231d31a6749c0abf7d7
61c83233d31a6749c0abf7f3,61c83232d31a6749c0abf7d8,61c83233d31a6749c0abf7f1,61c83231d31a6749c0abf7d7
61c83233d31a6749c0abf7fc,61c83233d31a6749c0abf7f5,61c83233d31a6749c0abf7fa,61c83233d31a6749c0abf7f4
61c83234d31a6749c0abf802,61c83233d31a6749c0abf7f5,61c83233d31a6749c0abf800,61c83233d31a6749c0abf7f4
61c83234d31a6749c0abf808,61c83233d31a6749c0abf7f5,61c83234d31a6749c0abf806,61c83233d31a6749c0abf7f4
61c8339bd31a6749c0abf811,61c8339bd31a6749c0abf80a,61c8339bd31a6749c0abf80f,61c8339bd31a6749c0abf809
61c8339cd31a6749c0abf815,61c8339bd31a6749c0abf80a,61c8339bd31a6749c0abf813,61c8339bd31a6749c0abf809
61c8339cd31a6749c0abf81b,61c8339bd31a6749c0abf80a,61c8339cd31a6749c0abf819,61c8339bd31a6749c0abf809
61c8339cd31a6749c0abf81f,61c8339bd31a6749c0abf80a,61c8339cd31a6749c0abf81d,61c8339bd31a6749c0abf809
61c8339cd31a6749c0abf825,61c8339bd31a6749c0abf80a,61c8339cd31a6749c0abf823,61c8339bd31a6749c0abf809
61c8339dd31a6749c0abf829,61c8339bd31a6749c0abf80a,61c8339cd31a6749c0abf827,61c8339bd31a6749c0abf809
61c8339dd31a6749c0abf832,61c8339dd31a6749c0abf82b,61c8339dd31a6749c0abf830,61c8339dd31a6749c0abf82a
61c8339dd31a6749c0abf838,61c8339dd31a6749c0abf82b,61c8339dd31a6749c0abf836,61c8339dd31a6749c0abf82a
61c8339dd31a6749c0abf83c,61c8339dd31a6749c0abf82b,61c8339dd31a6749c0abf83a,61c8339dd31a6749c0abf82a
61c8339ed31a6749c0abf842,61c8339dd31a6749c0abf82b,61c8339ed31a6749c0abf840,61c8339dd31a6749c0abf82a
61c8339ed31a6749c0abf846,61c8339dd31a6749c0abf82b,61c8339ed31a6749c0abf844,61c8339dd31a6749c0abf82a
61c8339ed31a6749c0abf84f,61c8339ed31a6749c0abf848,61c8339ed31a6749c0abf84d,61c8339ed31a6749c0abf847
61c8339fd31a6749c0abf853,61c8339ed31a6749c0abf848,61c8339ed31a6749c0abf851,61c8339ed31a6749c0abf847
61c8339fd31a6749c0abf859,61c8339ed31a6749c0abf848,61c8339fd31a6749c0abf857,61c8339ed31a6749c0abf847
61c8339fd31a6749c0abf85f,61c8339ed31a6749c0abf848,61c8339fd31a6749c0abf85d,61c8339ed31a6749c0abf847
61c8339fd31a6749c0abf863,61c8339ed31a6749c0abf848,61c8339fd31a6749c0abf861,61c8339ed31a6749c0abf847
61c833a0d31a6749c0abf86c,61c8339fd31a6749c0abf865,61c833a0d31a6749c0abf86a,61c8339fd31a6749c0abf864
61c833a0d31a6749c0abf870,61c8339fd31a6749c0abf865,61c833a0d31a6749c0abf86e,61c8339fd31a6749c0abf864
61c833a0d31a6749c0abf876,61c8339fd31a6749c0abf865,61c833a0d31a6749c0abf874,61c8339fd31a6749c0abf864
61c833a0d31a6749c0abf87a,61c8339fd31a6749c0abf865,61c833a0d31a6749c0abf878,61c8339fd31a6749c0abf864
61c833a1d31a6749c0abf880,61c8339fd31a6749c0abf865,61c833a1d31a6749c0abf87e,61c8339fd31a6749c0abf864
61c833a1d31a6749c0abf889,61c833a1d31a6749c0abf882,61c833a1d31a6749c0abf887,61c833a1d31a6749c0abf881
61c833a1d31a6749c0abf88d,61c833a1d31a6749c0abf882,61c833a1d31a6749c0abf88b,61c833a1d31a6749c0abf881
61c833a2d31a6749c0abf893,61c833a1d31a6749c0abf882,61c833a1d31a6749c0abf891,61c833a1d31a6749c0abf881
61c833a2d31a6749c0abf897,61c833a1d31a6749c0abf882,61c833a2d31a6749c0abf895,61c833a1d31a6749c0abf881
61c833a2d31a6749c0abf89d,61c833a1d31a6749c0abf882,61c833a2d31a6749c0abf89b,61c833a1d31a6749c0abf881
61c833a2d31a6749c0abf8a1,61c833a1d31a6749c0abf882,61c833a2d31a6749c0abf89f,61c833a1d31a6749c0abf881
61c833a3d31a6749c0abf8aa,61c833a2d31a6749c0abf8a3,61c833a3d31a6749c0abf8a8,61c833a2d31a6749c0abf8a2
61c833a3d31a6749c0abf8b0,61c833a2d31a6749c0abf8a3,61c833a3d31a6749c0abf8ae,61c833a2d31a6749c0abf8a2
61c833a3d31a6749c0abf8b4,61c833a2d31a6749c0abf8a3,61c833a3d31a6749c0abf8b2,61c833a2d31a6749c0abf8a2
61c833a3d31a6749c0abf8ba,61c833a2d31a6749c0abf8a3,61c833a3d31a6749c0abf8b8,61c833a2d31a6749c0abf8a2
61c833a4d31a6749c0abf8be,61c833a2d31a6749c0abf8a3,61c833a3d31a6749c0abf8bc,61c833a2d31a6749c0abf8a2
61c833a4d31a6749c0abf8c7,61c833a4d31a6749c0abf8c0,61c833a4d31a6749c0abf8c5,61c833a4d31a6749c0abf8bf
61c833a4d31a6749c0abf8cd,61c833a4d31a6749c0abf8c0,61c833a4d31a6749c0abf8cb,61c833a4d31a6749c0abf8bf
61c833a5d31a6749c0abf8d3,61c833a4d31a6749c0abf8c0,61c833a4d31a6749c0abf8d1,61c833a4d31a6749c0abf8bf
61c833a5d31a6749c0abf8d7,61c833a4d31a6749c0abf8c0,61c833a5d31a6749c0abf8d5,61c833a4d31a6749c0abf8bf
61c833a5d31a6749c0abf8e0,61c833a5d31a6749c0abf8d9,61c833a5d31a6749c0abf8de,61c833a5d31a6749c0abf8d8
61c833a6d31a6749c0abf8e4,61c833a5d31a6749c0abf8d9,61c833a5d31a6749c0abf8e2,61c833a5d31a6749c0abf8d8
61c833a6d31a6749c0abf8ea,61c833a5d31a6749c0abf8d9,61c833a6d31a6749c0abf8e8,61c833a5d31a6749c0abf8d8
61c833a6d31a6749c0abf8ee,61c833a5d31a6749c0abf8d9,61c833a6d31a6749c0abf8ec,61c833a5d31a6749c0abf8d8
61c833a6d31a6749c0abf8f4,61c833a5d31a6749c0abf8d9,61c833a6d31a6749c0abf8f2,61c833a5d31a6749c0abf8d8
61c833a7d31a6749c0abf8fd,61c833a6d31a6749c0abf8f6,61c833a7d31a6749c0abf8fb,61c833a6d31a6749c0abf8f5
61c833a7d31a6749c0abf901,61c833a6d31a6749c0abf8f6,61c833a7d31a6749c0abf8ff,61c833a6d31a6749c0abf8f5
61c833a7d31a6749c0abf907,61c833a6d31a6749c0abf8f6,61c833a7d31a6749c0abf905,61c833a6d31a6749c0abf8f5
61c833a7d31a6749c0abf90d,61c833a6d31a6749c0abf8f6,61c833a7d31a6749c0abf90b,61c833a6d31a6749c0abf8f5
61c833a8d31a6749c0abf911,61c833a6d31a6749c0abf8f6,61c833a7d31a6749c0abf90f,61c833a6d31a6749c0abf8f5
61c833a8d31a6749c0abf91a,61c833a8d31a6749c0abf913,61c833a8d31a6749c0abf918,61c833a8d31a6749c0abf912
61c833a8d31a6749c0abf920,61c833a8d31a6749c0abf913,61c833a8d31a6749c0abf91e,61c833a8d31a6749c0abf912
61c833a8d31a6749c0abf924,61c833a8d31a6749c0abf913,61c833a8d31a6749c0abf922,61c833a8d31a6749c0abf912
61c833a9d31a6749c0abf92a,61c833a8d31a6749c0abf913,61c833a9d31a6749c0abf928,61c833a8d31a6749c0abf912
61c833a9d31a6749c0abf92e,61c833a8d31a6749c0abf913,61c833a9d31a6749c0abf92c,61c833a8d31a6749c0abf912
61c833ecd31a6749c0abf937,61c833ecd31a6749c0abf930,61c833ecd31a6749c0abf935,61c833ecd31a6749c0abf92f
61c833edd31a6749c0abf93b,61c833ecd31a6749c0abf930,61c833edd31a6749c0abf939,61c833ecd31a6749c0abf92f
61c833edd31a6749c0abf941,61c833ecd31a6749c0abf930,61c833edd31a6749c0abf93f,61c833ecd31a6749c0abf92f
61c833edd31a6749c0abf945,61c833ecd31a6749c0abf930,61c833edd31a6749c0abf943,61c833ecd31a6749c0abf92f
61c833edd31a6749c0abf94b,61c833ecd31a6749c0abf930,61c833edd31a6749c0abf949,61c833ecd31a6749c0abf92f
61c833eed31a6749c0abf954,61c833edd31a6749c0abf94d,61c833eed31a6749c0abf952,61c833edd31a6749c0abf94c
61c833eed31a6749c0abf95a,61c833edd31a6749c0abf94d,61c833eed31a6749c0abf958,61c833edd31a6749c0abf94c
61c833eed31a6749c0abf95e,61c833edd31a6749c0abf94d,61c833eed31a6749c0abf95c,61c833edd31a6749c0abf94c
61c833eed31a6749c0abf964,61c833edd31a6749c0abf94d,61c833eed31a6749c0abf962,61c833edd31a6749c0abf94c
61c833efd31a6749c0abf96d,61c833efd31a6749c0abf966,61c833efd31a6749c0abf96b,61c833efd31a6749c0abf965
61c833efd31a6749c0abf973,61c833efd31a6749c0abf966,61c833efd31a6749c0abf971,61c833efd31a6749c0abf965
61c833efd31a6749c0abf979,61c833efd31a6749c0abf966,61c833efd31a6749c0abf977,61c833efd31a6749c0abf965
61c833f0d31a6749c0abf97d,61c833efd31a6749c0abf966,61c833f0d31a6749c0abf97b,61c833efd31a6749c0abf965
61c833f0d31a6749c0abf986,61c833f0d31a6749c0abf97f,61c833f0d31a6749c0abf984,61c833f0d31a6749c0abf97e
61c833f0d31a6749c0abf98c,61c833f0d31a6749c0abf97f,61c833f0d31a6749c0abf98a,61c833f0d31a6749c0abf97e
61c833f1d31a6749c0abf990,61c833f0d31a6749c0abf97f,61c833f0d31a6749c0abf98e,61c833f0d31a6749c0abf97e
61c833f1d31a6749c0abf996,61c833f0d31a6749c0abf97f,61c833f1d31a6749c0abf994,61c833f0d31a6749c0abf97e
61c833f1d31a6749c0abf99f,61c833f1d31a6749c0abf998,61c833f1d31a6749c0abf99d,61c833f1d31a6749c0abf997
61c833f1d31a6749c0abf9a3,61c833f1d31a6749c0abf998,61c833f1d31a6749c0abf9a1,61c833f1d31a6749c0abf997
61c833f2d31a6749c0abf9a9,61c833f1d31a6749c0abf998,61c833f2d31a6749c0abf9a7,61c833f1d31a6749c0abf997
61c833f2d31a6749c0abf9ad,61c833f1d31a6749c0abf998,61c833f2d31a6749c0abf9ab,61c833f1d31a6749c0abf997
61c833f2d31a6749c0abf9b3,61c833f1d31a6749c0abf998,61c833f2d31a6749c0abf9b1,61c833f1d31a6749c0abf997
61c833f2d31a6749c0abf9b7,61c833f1d31a6749c0abf998,61c833f2d31a6749c0abf9b5,61c833f1d31a6749c0abf997