_id,customerID,mealID,orderID,restaurantID
61bab6992bb7d83f53487089,61b848121d9cd1a455d21447,61b8488d1d9cd1a455d2144c,61b849cb1d9cd1a455d21450,61b84a4e1d9cd1a455d21454
61c5d6c80bb8dd356b4c97e3,61c5d3090bb8dd356b4c97b1,61c5abcd0bb8dd356b4c9733,61c5d6fa0bb8dd356b4c97e9,61c57ef30bb8dd356b4c96fd
61c5d78e0bb8dd356b4c980c,61c5d3380bb8dd356b4c97b3,61c5b7790bb8dd356b4c9741,61c5d77d0bb8dd356b4c9809,61c57ff30bb8dd356b4c96ff
61c5d8380bb8dd356b4c9823,61c5d35e0bb8dd356b4c97b4,61c5b9030bb8dd356b4c9749,61c5d85b0bb8dd356b4c9827,61c580ad0bb8dd356b4c9700
61c5d9ef0bb8dd356b4c983c,61c5d3850bb8dd356b4c97b6,61c5bb350bb8dd356b4c9750,61c5d9da0bb8dd356b4c9839,61c581490bb8dd356b4c9701
61c5da4c0bb8dd356b4c9856,61c5d3f10bb8dd356b4c97b8,61c5bcb00bb8dd356b4c9755,61c5da480bb8dd356b4c9853,61c581490bb8dd356b4c9701
61c5dad90bb8dd356b4c986f,61c5d40a0bb8dd356b4c97b9,61c5c1ad0bb8dd356b4c9774,61c5dace0bb8dd356b4c986c,61c582630bb8dd356b4c9702
61c74b453eeabd17711464a9,61c7487c3eeabd1771146497,61c6c9933eeabd17711463dd,61c749283eeabd177114649a,61c6bafc3eeabd17711463b5
61c74b733eeabd17711464aa,61c7485f3eeabd1771146496,61c6ce0c3eeabd17711463e3,61c749913eeabd177114649b,61c6be833eeabd17711463b6
61c74b9c3eeabd17711464ab,61c7484e3eeabd1771146495,61c6dd5b3eeabd1771146428,61c749b33eeabd177114649c,61c6bfb23eeabd17711463b7
61c74bce3eeabd17711464ac,61c748353eeabd1771146494,61c6def23eeabd177114642e,61c749cd3eeabd177114649d,61c6c0833eeabd17711463b8
61c74bfe3eeabd17711464ad,61c748103eeabd1771146493,61c6e0953eeabd1771146434,61c749e63eeabd177114649e,61c6c0d93eeabd17711463b9
61c8322ed31a6749c0abf78b,61c8322ed31a6749c0abf789,61c8322ed31a6749c0abf787,61c8322ed31a6749c0abf78a,61c8322ed31a6749c0abf784
61c8322ed31a6749c0abf791,61c8322ed31a6749c0abf78f,61c8322ed31a6749c0abf78d,61c8322ed31a6749c0abf790,61c8322ed31a6749c0abf784
61c8322ed31a6749c0abf795,61c8322ed31a6749c0abf793,61c8322ed31a6749c0abf78d,61c8322ed31a6749c0abf794,61c8322ed31a6749c0abf784
61c8322fd31a6749c0abf79b,61c8322fd31a6749c0abf799,61c8322fd31a6749c0abf797,61c8322fd31a6749c0abf79a,61c8322ed31a6749c0abf784
61c8322fd31a6749c0abf7a4,61c8322fd31a6749c0abf7a2,61c8322fd31a6749c0abf7a0,61c8322fd31a6749c0abf7a3,61c8322fd31a6749c0abf79d
61c8322fd31a6749c0abf7a8,61c8322fd31a6749c0abf7a6,61c8322fd31a6749c0abf7a0,61c8322fd31a6749c0abf7a7,61c8322fd31a6749c0abf79d
61c83230d31a6749c0abf7ae,61c83230d31a6749c0abf7ac,61c8322fd31a6749c0abf7aa,61c83230d31a6749c0abf7ad,61c8322fd31a6749c0abf79d
61c83230d31a6749c0abf7b4,61c83230d31a6749c0abf7b2,61c83230d31a6749c0abf7b0,61c83230d31a6749c0abf7b3,61c8322fd31a6749c0abf79d
61c83230d31a6749c0abf7b8,61c83230d31a6749c0abf7b6,61c83230d31a6749c0abf7b0,61c83230d31a6749c0abf7b7,61c8322fd31a6749c0abf79d
61c83230d31a6749c0abf7c1,61c83230d31a6749c0abf7bf,61c83230d31a6749c0abf7bd,61c83230d31a6749c0abf7c0,61c83230d31a6749c0abf7ba
61c83231d31a6749c0abf7c7,61c83231d31a6749c0abf7c5,61c83231d31a6749c0abf7c3,61c83231d31a6749c0abf7c6,61c83230d31a6749c0abf7ba
61c83231d31a6749c0abf7cb,61c83231d31a6749c0abf7c9,61c83231d31a6749c0abf7c3,61c83231d31a6749c0abf7ca,61c83230d31a6749c0abf7ba
61c83231d31a6749c0abf7d1,61c83231d31a6749c0abf7cf,61c83231d31a6749c0abf7cd,61c83231d31a6749c0abf7d0,61c83230d31a6749c0abf7ba
61c83231d31a6749c0abf7d5,61c83231d31a6749c0abf7d3,61c83231d31a6749c0abf7cd,61c83231d31a6749c0abf7d4,61c83230d31a6749c0abf7ba
61c83232d31a6749c0abf7de,61c83232d31a6749c0abf7dc,61c83232d31a6749c0abf7da,61c83232d31a6749c0abf7dd,61c83231d31a6749c0abf7d7
61c83232d31a6749c0abf7e2,61c83232d31a6749c0abf7e0,61c83232d31a6749c0abf7da,61c83232d31a6749c0abf7e1,61c83231d31a6749c0abf7d7
61c83232d31a6749c0abf7e8,61c83232d31a6749c0abf7e6,61c83232d31a6749c0abf7e4,61c83232d31a6749c0abf7e7,61c83231d31a6749c0abf7d7
61c83232d31a6749c0abf7ec,61c83232d31a6749c0abf7ea,61c83232d31a6749c0abf7e4,61c83232d31a6749c0abf7eb,61c83231d31a6749c0abf7d7
61c83233d31a6749c0abf7f2,61c83233d31a6749c0abf7f0,61c83233d31a6749c0abf7ee,61c83233d31a6749c0abf7f1,61c83231d31a6749c0abf7d7
61c83233d31a6749c0abf7fb,61c83233d31a6749c0abf7f9,61c83233d31a6749c0abf7f7,61c83233d31a6749c0abf7fa,61c83233d31a6749c0abf7f4
61c83233d31a6749c0abf801,61c83233d31a6749c0abf7ff,61c83233d31a6749c0abf7fd,61c83233d31a6749c0abf800,61c83233d31a6749c0abf7f4
61c83234d31a6749c0abf807,61c83234d31a6749c0abf805,61c83234d31a6749c0abf803,61c83234d31a6749c0abf806,61c83233d31a6749c0abf7f4
61c8339bd31a6749c0abf810,61c8339bd31a6749c0abf80e,61c8339bd31a6749c0abf80c,61c8339bd31a6749c0abf80f,61c8339bd31a6749c0abf809
61c8339bd31a6749c0abf814,61c8339bd31a6749c0abf812,61c8339bd31a6749c0abf80c,61c8339bd31a6749c0abf813,61c8339bd31a6749c0abf809
61c8339cd31a6749c0abf81a,61c8339cd31a6749c0abf818,61c8339cd31a6749c0abf816,61c8339cd31a6749c0abf819,61c8339bd31a6749c0abf809
61c8339cd31a6749c0abf81e,61c8339cd31a6749c0abf81c,61c8339cd31a6749c0abf816,61c8339cd31a6749c0abf81d,61c8339bd31a6749c0abf809
61c8339cd31a6749c0abf824,61c8339cd31a6749c0abf822,61c8339cd31a6749c0abf820,61c8339cd31a6749c0abf823,61c8339bd31a6749c0abf809
61c8339cd31a6749c0abf828,61c8339cd31a6749c0abf826,61c8339cd31a6749c0abf820,61c8339cd31a6749c0abf827,61c8339bd31a6749c0abf809
61c8339dd31a6749c0abf831,61c8339dd31a6749c0abf82f,61c8339dd31a6749c0abf82d,61c8339dd31a6749c0abf830,61c8339dd31a6749c0abf82a
61c8339dd31a6749c0abf837,61c8339dd31a6749c0abf835,61c8339dd31a6749c0abf833,61c8339dd31a6749c0abf836,61c8339dd31a6749c0abf82a
61c8339dd31a6749c0abf83b,61c8339dd31a6749c0abf839,61c8339dd31a6749c0abf833,61c8339dd31a6749c0abf83a,61c8339dd31a6749c0abf82a
61c8339ed31a6749c0abf841,61c8339ed31a6749c0abf83f,61c8339dd31a6749c0abf83d,61c8339ed31a6749c0abf840,61c8339dd31a6749c0abf82a
61c8339ed31a6749c0abf845,61c8339ed31a6749c0abf843,61c8339dd31a6749c0abf83d,61c8339ed31a6749c0abf844,61c8339dd31a6749c0abf82a
61c8339ed31a6749c0abf84e,61c8339ed31a6749c0abf84c,61c8339ed31a6749c0abf84a,61c8339ed31a6749c0abf84d,61c8339ed31a6749c0abf847
61c8339ed31a6749c0abf852,61c8339ed31a6749c0abf850,61c8339ed31a6749c0abf84a,61c8339ed31a6749c0abf851,61c8339ed31a6749c0abf847
61c8339fd31a6749c0abf858,61c8339fd31a6749c0abf856,61c8339fd31a6749c0abf854,61c8339fd31a6749c0abf857,61c8339ed31a6749c0abf847
61c8339fd31a6749c0abf85e,61c8339fd31a6749c0abf85c,61c8339fd31a6749c0abf85a,61c8339fd31a6749c0abf85d,61c8339ed31a6749c0abf847
61c8339fd31a6749c0abf862,61c8339fd31a6749c0abf860,61c8339fd31a6749c0abf85a,61c8339fd31a6749c0abf861,61c8339ed31a6749c0abf847
61c833a0d31a6749c0abf86b,61c833a0d31a6749c0abf869,61c8339fd31a6749c0abf867,61c833a0d31a6749c0abf86a,61c8339fd31a6749c0abf864
61c833a0d31a6749c0abf86f,61c833a0d31a6749c0abf86d,61c8339fd31a6749c0abf867,61c833a0d31a6749c0abf86e,61c8339fd31a6749c0abf864
61c833a0d31a6749c0abf875,61c833a0d31a6749c0abf873,61c833a0d31a6749c0abf871,61c833a0d31a6749c0abf874,61c8339fd31a6749c0abf864
61c833a0d31a6749c0abf879,61c833a0d31a6749c0abf877,61c833a0d31a6749c0abf871,61c833a0d31a6749c0abf878,61c8339fd31a6749c0abf864
61c833a1d31a6749c0abf87f,61c833a1d31a6749c0abf87d,61c833a0d31a6749c0abf87b,61c833a1d31a6749c0abf87e,61c8339fd31a6749c0abf864
61c833a1d31a6749c0abf888,61c833a1d31a6749c0abf886,61c833a1d31a6749c0abf884,61c833a1d31a6749c0abf887,61c833a1d31a6749c0abf881
61c833a1d31a6749c0abf88c,61c833a1d31a6749c0abf88a,61c833a1d31a6749c0abf884,61c833a1d31a6749c0abf88b,61c833a1d31a6749c0abf881
61c833a2d31a6749c0abf892,61c833a1d31a6749c0abf890,61c833a1d31a6749c0abf88e,61c833a1d31a6749c0abf891,61c833a1d31a6749c0abf881
61c833a2d31a6749c0abf896,61c833a2d31a6749c0abf894,61c833a1d31a6749c0abf88e,61c833a2d31a6749c0abf895,61c833a1d31a6749c0abf881
61c833a2d31a6749c0abf89c,61c833a2d31a6749c0abf89a,61c833a2d31a6749c0abf898,61c833a2d31a6749c0abf89b,61c833a1d31a6749c0abf881
61c833a2d31a6749c0abf8a0,61c833a2d31a6749c0abf89e,61c833a2d31a6749c0abf898,61c833a2d31a6749c0abf89f,61c833a1d31a6749c0abf881
61c833a3d31a6749c0abf8a9,61c833a3d31a6749c0abf8a7,61c833a2d31a6749c0abf8a5,61c833a3d31a6749c0abf8a8,61c833a2d31a6749c0abf8a2
61c833a3d31a6749c0abf8af,61c833a3d31a6749c0abf8ad,61c833a3d31a6749c0abf8ab,61c833a3d31a6749c0abf8ae,61c833a2d31a6749c0abf8a2
61c833a3d31a6749c0abf8b3,61c833a3d31a6749c0abf8b1,61c833a3d31a6749c0abf8ab,61c833a3d31a6749c0abf8b2,61c833a2d31a6749c0abf8a2
61c833a3d31a6749c0abf8b9,61c833a3d31a6749c0abf8b7,61c833a3d31a6749c0abf8b5,61c833a3d31a6749c0abf8b8,61c833a2d31a6749c0abf8a2
61c833a4d31a6749c0abf8bd,61c833a3d31a6749c0abf8bb,61c833a3d31a6749c0abf8b5,61c833a3d31a6749c0abf8bc,61c833a2d31a6749c0abf8a2
61c833a4d31a6749c0abf8c6,61c833a4d31a6749c0abf8c4,61c833a4d31a6749c0abf8c2,61c833a4d31a6749c0abf8c5,61c833a4d31a6749c0abf8bf
61c833a4d31a6749c0abf8cc,61c833a4d31a6749c0abf8ca,61c833a4d31a6749c0abf8c8,61c833a4d31a6749c0abf8cb,61c833a4d31a6749c0abf8bf
61c833a5d31a6749c0abf8d2,61c833a4d31a6749c0abf8d0,61c833a4d31a6749c0abf8ce,61c833a4d31a6749c0abf8d1,61c833a4d31a6749c0abf8bf
61c833a5d31a6749c0abf8d6,61c833a5d31a6749c0abf8d4,61c833a4d31a6749c0abf8ce,61c833a5d31a6749c0abf8d5,61c833a4d31a6749c0abf8bf
61c833a5d31a6749c0abf8df,61c833a5d31a6749c0abf8dd,61c833a5d31a6749c0abf8db,61c833a5d31a6749c0abf8de,61c833a5d31a6749c0abf8d8
61c833a5d31a6749c0abf8e3,61c833a5d31a6749c0abf8e1,61c833a5d31a6749c0abf8db,61c833a5d31a6749c0abf8e2,61c833a5d31a6749c0abf8d8
61c833a6d31a6749c0abf8e9,61c833a6d31a6749c0abf8e7,61c833a6d31a6749c0abf8e5,61c833a6d31a6749c0abf8e8,61c833a5d31a6749c0abf8d8
61c833a6d31a6749c0abf8ed,61c833a6d31a6749c0abf8eb,61c833a6d31a6749c0abf8e5,61c833a6d31a6749c0abf8ec,61c833a5d31a6749c0abf8d8
61c833a6d31a6749c0abf8f3,61c833a6d31a6749c0abf8f1,61c833a6d31a6749c0abf8ef,61c833a6d31a6749c0abf8f2,61c833a5d31a6749c0abf8d8
61c833a7d31a6749c0abf8fc,61c833a7d31a6749c0abf8fa,61c833a6d31a6749c0abf8f8,61c833a7d31a6749c0abf8fb,61c833a6d31a6749c0abf8f5
61c833a7d31a6749c0abf900,61c833a7d31a6749c0abf8fe,61c833a6d31a6749c0abf8f8,61c833a7d31a6749c0abf8ff,61c833a6d31a6749c0abf8f5
61c833a7d31a6749c0abf906,61c833a7d31a6749c0abf904,61c833a7d31a6749c0abf902,61c833a7d31a6749c0abf905,61c833a6d31a6749c0abf8f5
61c833a7d31a6749c0abf90c,61c833a7d31a6749c0abf90a,61c833a7d31a6749c0abf908,61c833a7d31a6749c0abf90b,61c833a6d31a6749c0abf8f5
61c833a8d31a6749c0abf910,61c833a7d31a6749c0abf90e,61c833a7d31a6749c0abf908,61c833a7d31a6749c0abf90f,61c833a6d31a6749c0abf8f5
61c833a8d31a6749c0abf919,61c833a8d31a6749c0abf917,61c833a8d31a6749c0abf915,61c833a8d31a6749c0abf918,61c833a8d31a6749c0abf912
61c833a8d31a6749c0abf91f,61c833a8d31a6749c0abf91d,61c833a8d31a6749c0abf91b,61c833a8d31a6749c0abf91e,61c833a8d31a6749c0abf912
61c833a8d31a6749c0abf923,61c833a8d31a6749c0abf921,61c833a8d31a6749c0abf91b,61c833a8d31a6749c0abf922,61c833a8d31a6749c0abf912
61c833a9d31a6749c0abf929,61c833a9d31a6749c0abf927,61c833a9d31a6749c0abf925,61c833a9d31a6749c0abf928,61c833a8d31a6749c0abf912
61c833a9d31a6749c0abf92d,61c833a9d31a6749c0abf92b,61c833a9d31a6749c0abf925,61c833a9d31a6749c0abf92c,61c833a8d31a6749c0abf912
61c833ecd31a6749c0abf936,61c833ecd31a6749c0abf934,61c833ecd31a6749c0abf932,61c833ecd31a6749c0abf935,61c833ecd31a6749c0abf92f
61c833edd31a6749c0abf93a,61c833edd31a6749c0abf938,61c833ecd31a6749c0abf932,61c833edd31a6749c0abf939,61c833ecd31a6749c0abf92f
61c833edd31a6749c0abf940,61c833edd31a6749c0abf93e,61c833edd31a6749c0abf93c,61c833edd31a6749c0abf93f,61c833ecd31a6749c0abf92f
61c833edd31a6749c0abf944,61c833edd31a6749c0abf942,61c833edd31a6749c0abf93c,61c833edd31a6749c0abf943,61c833ecd31a6749c0abf92f
61c833edd31a6749c0abf94a,61c833edd31a6749c0abf948,61c833edd31a6749c0abf946,61c833edd31a6749c0abf949,61c833ecd31a6749c0abf92f
61c833eed31a6749c0abf953,61c833eed31a6749c0abf951,61c833eed31a6749c0abf94f,61c833eed31a6749c0abf952,61c833edd31a6749c0abf94c
61c833eed31a6749c0abf959,61c833eed31a6749c0abf957,61c833eed31a6749c0abf955,61c833eed31a6749c0abf958,61c833edd31a6749c0abf94c
61c833eed31a6749c0abf95d,61c833eed31a6749c0abf95b,61c833eed31a6749c0abf955,61c833eed31a6749c0abf95c,61c833edd31a6749c0abf94c
61c833eed31a6749c0abf963,61c833eed31a6749c0abf961,61c833eed31a6749c0abf95f,61c833eed31a6749c0abf962,61c833edd31a6749c0abf94c
61c833efd31a6749c0abf96c,61c833efd31a6749c0abf96a,61c833efd31a6749c0abf968,61c833efd31a6749c0abf96b,61c833efd31a6749c0abf965
61c833efd31a6749c0abf972,61c833efd31a6749c0abf970,61c833efd31a6749c0abf96e,61c833efd31a6749c0abf971,61c833efd31a6749c0abf965
61c833efd31a6749c0abf978,61c833efd31a6749c0abf976,61c833efd31a6749c0abf974,61c833efd31a6749c0abf977,61c833efd31a6749c0abf965
61c833f0d31a6749c0abf97c,61c833f0d31a6749c0abf97a,61c833efd31a6749c0abf974,61c833f0d31a6749c0abf97b,61c833efd31a6749c0abf965
61c833f0d31a6749c0abf985,61c833f0d31a6749c0abf983,61c833f0d31a6749c0abf981,61c833f0d31a6749c0abf984,61c833f0d31a6749c0abf97e
61c833f0d31a6749c0abf98b,61c833f0d31a6749c0abf989,61c833f0d31a6749c0abf987,61c833f0d31a6749c0abf98a,61c833f0d31a6749c0abf97e
61c833f0d31a6749c0abf98f,61c833f0d31a6749c0abf98d,61c833f0d31a6749c0abf987,61c833f0d31a6749c0abf98e,61c833f0d31a6749c0abf97e
61c833f1d31a6749c0abf995,61c833f1d31a6749c0abf993,61c833f1d31a6749c0abf991,61c833f1d31a6749c0abf994,61c833f0d31a6749c0abf97e
61c833f1d31a6749c0abf99e,61c833f1d31a6749c0abf99c,61c833f1d31a6749c0abf99a,61c833f1d31a6749c0abf99d,61c833f1d31a6749c0abf997
61c833f1d31a6749c0abf9a2,61c833f1d31a6749c0abf9a0,61c833f1d31a6749c0abf99a,61c833f1d31a6749c0abf9a1,61c833f1d31a6749c0abf997
61c833f2d31a6749c0abf9a8,61c833f2d31a6749c0abf9a6,61c833f1d31a6749c0abf9a4,61c833f2d31a6749c0abf9a7,61c833f1d31a6749c0abf997
61c833f2d31a6749c0abf9ac,61c833f2d31a6749c0abf9aa,61c833f1d31a6749c0abf9a4,61c833f2d31a6749c0abf9ab,61c833f1d31a6749c0abf997
61c833f2d31a6749c0abf9b2,61c833f2d31a6749c0abf9b0,61c833f2d31a6749c0abf9ae,61c833f2d31a6749c0abf9b1,61c833f1d31a6749c0abf997
61c833f2d31a6749c0abf9b6,61c833f2d31a6749c0abf9b4,61c833f2d31a6749c0abf9ae,61c833f2d31a6749c0abf9b5,61c833f1d31a6749c0abf997